ILMNGene_ProbeId;MBC_vs_CP_Up;MBC_vs_CP_Down;LBC_vs_CP_Up;LBC_vs_CP_Down;PTC209_Up;PTC209_Down
A4GALT_ILMN1735045;0;0;0;1;0;1
ABCB1_ILMN1812070;1;0;0;0;1;0
ABCB1_ILMN2094875;1;0;0;0;1;0
ABCB6_ILMN2193980;0;1;0;1;0;1
ACAT1_ILMN1800008;0;1;0;0;0;1
ACOT11_ILMN1739594;0;0;0;1;0;1
ACSM3_ILMN1662738;0;1;0;1;0;1
ADHFE1_ILMN1702858;0;0;0;1;1;0
ADM2_ILMN1702933;0;0;1;0;1;0
AFAP1L2_ILMN1730995;1;0;1;0;1;0
AGBL5_ILMN2308689;0;0;0;1;0;1
AGR2_ILMN3307841;1;0;0;0;1;0
AHNAK_ILMN1714567;1;0;1;0;1;0
AHSP_ILMN1696512;0;1;0;1;0;1
AIF1L_ILMN3246401;1;0;1;0;0;1
AIG1_ILMN1797974;0;0;0;1;0;1
AK3L1_ILMN1764090;0;0;0;1;0;1
AK3L1_ILMN2338038;0;0;0;1;0;1
AKAP13_ILMN2396956;0;0;1;0;1;0
AKNA_ILMN1770673;1;0;1;0;1;0
ALAS2_ILMN2367126;0;1;0;1;0;1
ALDH1A1_ILMN2096372;0;1;0;1;0;1
ALDH1B1_ILMN2150894;0;0;0;1;0;1
ALDH2_ILMN1793859;0;0;0;1;1;0
ALDOC_ILMN1755974;0;0;0;1;0;1
ALOX5AP_ILMN1797875;0;1;0;1;1;0
ALS2CR4_ILMN1800958;0;1;0;1;0;1
AMMECR1_ILMN1779374;0;1;0;1;0;1
AMMECR1_ILMN2394242;0;1;0;1;0;1
ANK1_ILMN1684694;0;1;0;1;0;1
ANKRD28_ILMN1697594;0;0;1;0;1;0
ANKRD28_ILMN2232520;1;0;1;0;1;0
ANKRD33_ILMN1667748;1;0;0;0;1;0
ANLN_ILMN1739645;0;1;0;1;0;1
ANPEP_ILMN1763837;1;0;0;0;1;0
ANXA3_ILMN1694548;0;0;0;1;0;1
ANXA5_ILMN1741003;0;1;0;1;1;0
APOBEC3B_ILMN2219466;0;0;0;1;0;1
APOC1_ILMN1789007;0;1;0;1;0;1
ARHGAP30_ILMN1750805;1;0;1;0;1;0
ARHGAP5_ILMN2322747;0;0;0;1;0;1
ARL4A_ILMN1743241;0;0;0;1;1;0
ARRDC5_ILMN2153787;0;0;1;0;1;0
ARSD_ILMN1684873;1;0;1;0;1;0
ARTN_ILMN1803691;0;0;1;0;0;1
ASB9_ILMN1786041;0;0;0;1;0;1
ASF1B_ILMN1695414;0;1;0;0;0;1
ASNS_ILMN1796417;0;0;0;1;1;0
ASS1_ILMN1708778;0;0;1;0;1;0
ATAD2_ILMN2048700;0;1;0;1;0;1
ATF3_ILMN2374865;1;0;0;0;1;0
ATHL1_ILMN1794707;1;0;1;0;1;0
ATP6V0A1_ILMN1752579;0;0;0;1;1;0
AURKA_ILMN1680955;0;0;0;1;0;1
AURKA_ILMN2357438;0;0;0;1;0;1
AURKB_ILMN1684217;0;0;0;1;0;1
AVP_ILMN2230117;0;1;0;1;1;0
AZU1_ILMN1730867;0;1;0;1;0;1
B3GALNT1_ILMN1787595;0;0;0;1;1;0
B3GALNT1_ILMN2325347;0;0;0;1;1;0
BAALC_ILMN1687751;1;0;1;0;1;0
BAMBI_ILMN1691410;0;0;0;1;0;1
BANK1_ILMN1661646;0;0;1;0;0;1
BATF3_ILMN1763207;0;0;1;0;1;0
BAZ2B_ILMN1720850;0;0;1;0;1;0
BCL2_ILMN2246956;0;0;1;0;1;0
BCL6_ILMN1737314;0;0;1;0;1;0
BEX2_ILMN2181892;0;0;0;1;1;0
BMF_ILMN1695354;1;0;1;0;1;0
BMI1_ILMN1700915;0;0;1;0;1;0
BMP2K_ILMN1811148;0;1;0;0;0;1
BMP2K_ILMN1814200;0;1;0;0;0;1
BMP2K_ILMN2299045;0;1;0;1;0;1
BMP6_ILMN1747650;1;0;0;0;1;0
BRCA1_ILMN2311089;0;0;0;1;0;1
BRI3BP_ILMN1797693;0;1;0;0;0;1
BUB1_ILMN2202948;0;0;0;1;0;1
BUB1B_ILMN1797307;0;0;0;1;0;1
C10ORF104_ILMN1738955;1;0;1;0;1;0
C10ORF54_ILMN2205963;1;0;1;0;1;0
C11ORF82_ILMN1790100;0;1;0;1;0;1
C12ORF48_ILMN1727055;0;0;0;1;0;1
C12ORF5_ILMN1791792;0;0;1;0;1;0
C13ORF15_ILMN1658494;0;1;0;1;0;1
C13ORF3_ILMN1736816;0;0;0;1;0;1
C14ORF149_ILMN1667374;0;0;0;1;0;1
C14ORF149_ILMN2053281;0;0;0;1;0;1
C15ORF39_ILMN1793729;1;0;1;0;1;0
C15ORF42_ILMN1674662;0;0;0;1;0;1
C15ORF52_ILMN1775330;1;0;1;0;0;1
C16ORF59_ILMN1656452;0;1;0;1;0;1
C16ORF75_ILMN1790537;0;1;0;1;0;1
C17ORF53_ILMN1776490;0;1;0;1;0;1
C17ORF91_ILMN2390310;1;0;0;0;1;0
C18ORF10_ILMN1671693;0;1;0;1;0;1
C18ORF10_ILMN2207328;0;1;0;1;0;1
C1ORF112_ILMN1727540;0;1;0;1;0;1
C1ORF135_ILMN1787280;0;1;0;1;0;1
C1ORF162_ILMN1754894;0;0;0;1;1;0
C21ORF58_ILMN2310296;0;1;0;0;0;1
C2ORF32_ILMN2182148;0;1;0;1;0;1
C3ORF39_ILMN1792415;0;1;0;1;0;1
C4ORF32_ILMN1700257;0;0;1;0;1;0
C4ORF34_ILMN1713892;0;0;1;0;1;0
C4ORF34_ILMN2224907;0;0;1;0;1;0
C5ORF4_ILMN1728742;0;0;0;1;0;1
C5ORF41_ILMN1776788;0;0;1;0;1;0
C5ORF41_ILMN2195821;1;0;1;0;1;0
C6ORF85_ILMN1705116;0;1;0;1;0;1
C9ORF164_ILMN1733221;0;0;0;1;1;0
C9ORF91_ILMN1803652;0;0;1;0;1;0
CA1_ILMN1652431;0;1;0;1;0;1
CALCRL_ILMN1758281;1;0;0;0;1;0
CALR_ILMN1736256;0;0;0;1;0;1
CAPN11_ILMN1765274;1;0;1;0;0;1
CARD9_ILMN1712532;0;0;0;1;1;0
CARHSP1_ILMN1809477;0;1;1;0;0;1
CARS_ILMN2367469;0;0;1;0;1;0
CAT_ILMN2151739;0;1;0;1;0;1
CCDC34_ILMN1657547;0;1;0;1;0;1
CCDC34_ILMN2288784;0;1;0;1;0;1
CCL23_ILMN1686109;0;0;0;1;0;1
CCNA2_ILMN1786125;0;0;0;1;0;1
CCNB2_ILMN1801939;0;1;0;1;0;1
CCND1_ILMN1688480;0;1;0;1;0;1
CCNE1_ILMN2374425;0;1;0;1;0;1
CCPG1_ILMN1794190;1;0;0;0;1;0
CD14_ILMN1740015;0;0;0;1;1;0
CD14_ILMN2396444;0;0;0;1;1;0
CD200_ILMN1787750;1;0;1;0;1;0
CD24_ILMN2060413;1;0;1;0;0;1
CD300A_ILMN1693552;1;0;0;0;1;0
CD36_ILMN1784863;0;0;0;1;0;1
CD36_ILMN1796094;0;0;0;1;0;1
CD38_ILMN2233783;0;0;0;1;0;1
CD53_ILMN1662843;1;0;1;0;1;0
CD53_ILMN2413808;1;0;1;0;1;0
CD84_ILMN1698367;0;0;0;1;0;1
CD96_ILMN1711573;1;0;1;0;1;0
CD96_ILMN2415786;1;0;1;0;1;0
CDC20_ILMN1663390;0;0;0;1;0;1
CDC25A_ILMN1711005;0;1;0;1;0;1
CDC25C_ILMN1725260;0;0;0;1;0;1
CDC25C_ILMN2407619;0;0;0;1;0;1
CDC45L_ILMN1670238;0;0;0;1;0;1
CDC7_ILMN1741801;0;0;0;1;0;1
CDCA2_ILMN1660654;0;0;0;1;0;1
CDCA5_ILMN1683450;0;1;0;1;0;1
CDCA7_ILMN1737184;0;0;0;1;0;1
CDCA8_ILMN1709294;0;0;0;1;0;1
CDH26_ILMN2323007;0;0;0;1;0;1
CDKN1C_ILMN1718565;1;0;0;0;1;0
CDKN3_ILMN1666305;0;0;0;1;0;1
CDT1_ILMN1651237;0;1;0;1;0;1
CEACAM1_ILMN1716815;1;0;1;0;1;0
CEACAM6_ILMN1712522;0;0;1;0;0;1
CEBPB_ILMN1693014;0;0;0;1;1;0
CENPE_ILMN2225718;0;0;0;1;0;1
CENPF_ILMN1664516;0;1;0;1;0;1
CENPK_ILMN1737195;0;0;0;1;0;1
CENPM_ILMN1668814;0;1;0;1;0;1
CENPM_ILMN2368718;0;1;0;1;0;1
CENPN_ILMN1720526;0;1;0;1;0;1
CENPV_ILMN1729142;0;1;0;1;0;1
CENPV_ILMN3246608;0;1;0;0;0;1
CFC1B_ILMN1781980;0;1;0;1;0;1
CHAF1A_ILMN1669842;0;0;0;1;0;1
CHAF1B_ILMN1674231;0;1;0;1;0;1
CHEK1_ILMN1664630;0;1;0;1;0;1
CHEK2_ILMN2395236;0;0;0;1;0;1
CKAP2L_ILMN1751776;0;0;0;1;0;1
CKAP5_ILMN1716336;0;0;0;1;0;1
CKB_ILMN1671478;0;0;0;1;0;1
CKS1B_ILMN1719256;0;1;0;1;0;1
CKS1B_ILMN2041046;0;1;0;1;0;1
CKS2_ILMN1756326;0;1;0;1;0;1
CKS2_ILMN2072296;0;1;0;1;0;1
CLC_ILMN1654875;0;1;0;1;0;1
CLDN10_ILMN1685194;0;0;0;1;0;1
CLDN10_ILMN1721818;0;0;0;1;0;1
CLEC1B_ILMN1745103;0;0;0;1;0;1
CLGN_ILMN2050813;0;0;0;1;0;1
CMAH_ILMN1704084;1;0;1;0;1;0
CMAH_ILMN2086612;1;0;0;0;1;0
CMTM5_ILMN1775373;0;1;0;1;0;1
CNN3_ILMN1782439;0;0;1;0;0;1
CNRIP1_ILMN3187324;0;1;0;1;0;1
CNRIP1_ILMN3232894;0;1;0;1;0;1
COCH_ILMN1711514;0;1;0;1;0;1
COL24A1_ILMN1810996;1;0;0;0;1;0
COLQ_ILMN2329114;0;0;1;0;0;1
COQ2_ILMN1756572;0;0;0;1;0;1
COQ3_ILMN1801378;0;1;0;1;0;1
CPOX_ILMN3240389;0;1;0;1;0;1
CPVL_ILMN2400759;0;1;0;1;0;1
CRELD2_ILMN1748707;0;0;1;0;0;1
CRIP1_ILMN1656920;1;0;1;0;0;1
CROP_ILMN1728180;1;0;1;0;1;0
CRY1_ILMN1760593;0;0;1;0;1;0
CSF1R_ILMN1686623;1;0;1;0;1;0
CTDSPL_ILMN2392189;0;1;0;0;0;1
CTNNAL1_ILMN1721901;0;1;0;0;0;1
CTNNAL1_ILMN2136446;0;1;0;0;0;1
CTNS_ILMN1807719;1;0;1;0;1;0
CTSG_ILMN1680424;0;1;0;1;0;1
CTSO_ILMN1769633;1;0;1;0;1;0
CTTN_ILMN1744912;0;1;0;1;0;1
CTXN1_ILMN1759766;0;0;0;1;0;1
CUGBP2_ILMN2400947;1;0;1;0;1;0
CYB561_ILMN1771179;1;0;1;0;1;0
CYP4V2_ILMN2054607;0;0;0;1;1;0
CYTH4_ILMN3238196;1;0;1;0;1;0
DAPK1_ILMN1708340;1;0;0;0;1;0
DDAH1_ILMN1668507;0;0;0;1;0;1
DDIT4_ILMN1661599;0;0;1;0;1;0
DENND5A_ILMN1785356;1;0;1;0;1;0
DENND5A_ILMN3245413;1;0;1;0;1;0
DEPDC1B_ILMN1814600;0;0;0;1;0;1
DEPDC1B_ILMN2103685;0;0;0;1;0;1
DGKQ_ILMN1793017;0;0;1;0;1;0
DHCR24_ILMN1725510;0;0;0;1;0;1
DHCR7_ILMN2165867;0;0;0;1;0;1
DHRS9_ILMN1733998;0;0;0;1;0;1
DHRS9_ILMN2384181;0;0;0;1;0;1
DIAPH3_ILMN1695226;0;0;0;1;0;1
DIAPH3_ILMN2373689;0;0;0;1;0;1
DLGAP5_ILMN1749829;0;0;0;1;0;1
DLGAP5_ILMN3239771;0;0;0;1;0;1
DLK1_ILMN1797519;1;0;0;0;0;1
DLL1_ILMN1743373;0;0;1;0;1;0
DNM3_ILMN1680928;0;0;0;1;0;1
DSCC1_ILMN1776577;0;0;0;1;0;1
DTL_ILMN1779711;0;1;0;1;0;1
DUSP5_ILMN1656501;0;0;1;0;1;0
DUSP6_ILMN1677466;1;0;1;0;1;0
DUSP6_ILMN2396020;1;0;1;0;1;0
DUT_ILMN1732688;0;1;0;1;0;1
DUT_ILMN2374778;0;1;0;1;0;1
ECGF1_ILMN2109708;0;0;0;1;1;0
ECM1_ILMN2329735;1;0;1;0;0;1
EFHC2_ILMN1791302;1;0;0;1;0;1
EGR1_ILMN1762899;0;0;0;1;1;0
ELANE_ILMN1706635;0;1;0;1;0;1
ELOVL6_ILMN1700546;0;1;0;1;0;1
ELOVL6_ILMN2111187;0;1;0;1;0;1
EMP1_ILMN1801616;1;0;1;0;1;0
EMR2_ILMN2353633;0;0;1;0;1;0
ENPP4_ILMN1781761;0;0;0;1;1;0
EPB42_ILMN1814397;0;1;0;1;0;1
EPOR_ILMN2168347;0;1;0;1;0;1
EPSTI1_ILMN2388547;0;1;0;1;0;1
ETS1_ILMN2122103;0;0;0;1;1;0
EVI2A_ILMN1733579;1;0;1;0;1;0
EVI2A_ILMN2369018;0;0;1;0;1;0
EVI2B_ILMN1763452;0;0;1;0;1;0
EXO1_ILMN1673721;0;0;0;1;0;1
EXO1_ILMN2351916;0;0;0;1;0;1
F13A1_ILMN1717163;1;0;0;0;0;1
FABP5_ILMN2146761;0;1;0;1;0;1
FABP5L2_ILMN3178258;0;0;0;1;0;1
FABP5L2_ILMN3266606;0;0;0;1;0;1
FAIM3_ILMN1775542;1;0;1;0;1;0
FAM107B_ILMN1758672;0;0;1;0;1;0
FAM116B_ILMN1659029;1;0;1;0;1;0
FAM150B_ILMN3247082;0;0;1;0;0;1
FAM178B_ILMN1804993;0;1;0;1;0;1
FAM46A_ILMN1740466;0;0;0;1;0;1
FAM46C_ILMN1713266;0;1;0;1;0;1
FAM54A_ILMN1697998;0;1;0;1;0;1
FAM65C_ILMN3242330;0;1;0;1;0;1
FAM83D_ILMN1781943;0;1;0;1;0;1
FANCD2_ILMN2235137;0;1;0;1;0;1
FANCI_ILMN1655642;0;1;0;1;0;1
FAR2_ILMN2202915;1;0;0;0;0;1
FBLN1_ILMN1700541;0;0;0;1;0;1
FBXO32_ILMN1703955;0;0;1;0;1;0
FCER1G_ILMN2123743;1;0;0;1;1;0
FCGRT_ILMN1705302;0;1;0;1;1;0
FEN1_ILMN1755834;0;1;0;1;0;1
FEN1_ILMN2160929;0;1;0;1;0;1
FGD3_ILMN1772686;0;0;1;0;1;0
FGFR3_ILMN1723123;0;0;0;1;0;1
FGR_ILMN2368318;0;0;0;1;1;0
FHL2_ILMN1668411;0;1;0;1;0;1
FKBP11_ILMN1787345;0;1;0;1;0;1
FLJ20273_ILMN1689046;0;0;1;0;1;0
FLJ39639_ILMN1790412;1;0;0;0;1;0
FLT3_ILMN1766363;1;0;1;0;1;0
FOXC1_ILMN1738401;1;0;0;0;1;0
FOXM1_ILMN1716400;0;1;0;1;0;1
FOXM1_ILMN2344971;0;1;0;1;0;1
FST_ILMN1700081;0;1;0;1;0;1
FTH1_ILMN1683146;0;0;0;1;1;0
FYB_ILMN1796537;1;0;0;1;0;1
FYN_ILMN2249920;0;0;1;0;1;0
GAB2_ILMN1665964;0;0;1;0;1;0
GATA1_ILMN1797251;0;1;0;1;0;1
GBP2_ILMN1774077;1;0;1;0;1;0
GBP4_ILMN1771385;1;0;1;0;1;0
GBP5_ILMN2114568;1;0;1;0;1;0
GGH_ILMN1681754;0;0;0;1;0;1
GIMAP1_ILMN1757186;0;0;1;0;1;0
GIMAP4_ILMN1748473;0;0;1;0;1;0
GIMAP5_ILMN1769383;0;0;1;0;1;0
GIMAP7_ILMN1776678;1;0;1;0;1;0
GIMAP8_ILMN1747305;1;0;1;0;1;0
GINS2_ILMN1809590;0;1;0;1;0;1
GINS3_ILMN1754272;0;1;0;1;0;1
GLA_ILMN1766637;0;0;0;1;0;1
GLIPR1_ILMN1769245;1;0;1;0;1;0
GMPR_ILMN1729487;0;1;0;1;0;1
GNG7_ILMN1728107;0;0;1;0;1;0
GOLGA8B_ILMN2103547;0;0;0;1;1;0
GP1BA_ILMN1753575;0;0;0;1;0;1
GP9_ILMN1743290;0;0;0;1;0;1
GPI_ILMN2173451;0;0;0;1;0;1
GPR160_ILMN1662846;0;0;1;0;0;1
GPR56_ILMN2352097;0;0;1;0;1;0
GPT2_ILMN1684158;0;0;0;1;1;0
GRTP1_ILMN2142353;0;1;0;1;0;1
GSG2_ILMN1709085;0;0;0;1;0;1
GSN_ILMN1801043;1;0;1;0;0;1
GUCY1A3_ILMN1808590;1;0;1;0;1;0
GVIN1_ILMN1668526;1;0;1;0;1;0
GYPB_ILMN1683093;0;1;0;1;0;1
GYPE_ILMN1695187;0;1;0;1;0;1
GYPE_ILMN1815908;0;1;0;1;0;1
GYPE_ILMN2266962;0;1;0;1;0;1
H2AFY_ILMN1674034;0;0;1;0;1;0
HBA1_ILMN3240144;0;0;0;1;0;1
HBA2_ILMN1667796;0;0;0;1;0;1
HBA2_ILMN2127842;0;0;0;1;0;1
HBB_ILMN2100437;0;1;0;1;0;1
HBBP1_ILMN1653814;0;0;0;1;0;1
HBD_ILMN1815527;0;1;0;1;0;1
HBEGF_ILMN2121408;0;0;1;0;1;0
HBG1_ILMN1796678;0;0;0;1;0;1
HBG2_ILMN2084825;0;0;0;1;0;1
HBQ1_ILMN1696183;0;1;0;1;0;1
HCK_ILMN1791771;1;0;0;0;1;0
HCST_ILMN1699931;1;0;1;0;1;0
HCST_ILMN2396991;1;0;1;0;1;0
HEMGN_ILMN1680094;1;0;0;1;0;1
HEMGN_ILMN2413537;1;0;0;1;0;1
HERPUD1_ILMN2374159;0;0;0;1;1;0
HIF1A_ILMN1681283;0;0;1;0;1;0
HIF1A_ILMN1763260;0;0;1;0;1;0
HIST1H2AC_ILMN1792689;1;0;1;0;1;0
HIST1H2BD_ILMN1651496;1;0;1;0;1;0
HIST1H2BK_ILMN1796179;0;0;1;0;1;0
HIST1H4H_ILMN1751120;0;0;1;0;1;0
HIST2H2BE_ILMN1732071;1;0;0;0;1;0
HJURP_ILMN1703906;0;1;0;1;0;1
HLA-DMB_ILMN1761733;1;0;1;0;1;0
HLA-DOA_ILMN1659075;1;0;1;0;1;0
HLA-DPB1_ILMN1749070;0;0;1;0;1;0
HLA-DQA1_ILMN1808405;0;0;1;0;1;0
HLA-DQB1_ILMN1661266;0;0;1;0;1;0
HLA-DRB3_ILMN1717261;0;0;1;0;1;0
HLA-DRB4_ILMN1752592;0;0;1;0;1;0
HLA-DRB6_ILMN2066066;0;0;1;0;1;0
HLX_ILMN2087646;1;0;1;0;1;0
HMGB1L1_ILMN1809439;0;1;0;0;0;1
HMGB1L1_ILMN2211800;0;1;0;0;0;1
HMMR_ILMN1781942;0;0;0;1;0;1
HMMR_ILMN2409220;0;0;0;1;0;1
HOMER2_ILMN1671486;0;0;0;1;0;1
HOXB2_ILMN1810274;0;0;0;1;1;0
HPGD_ILMN2166457;1;0;0;1;1;0
HS.10862_ILMN1843198;0;0;0;1;0;1
HS.143018_ILMN1824362;0;0;1;0;1;0
HS.193767_ILMN1903914;0;0;1;0;1;0
HS.25318_ILMN1837428;0;0;0;1;0;1
HS.276860_ILMN1821176;1;0;1;0;1;0
HS.374257_ILMN1860638;0;0;1;0;1;0
HS.497591_ILMN1838863;1;0;0;0;0;1
HS.508682_ILMN1821517;0;0;0;1;1;0
HS.535028_ILMN1886493;1;0;0;0;1;0
HS.5724_ILMN1839019;0;0;1;0;1;0
HS.579631_ILMN1881909;0;0;0;1;0;1
HSD17B8_ILMN1715324;0;0;0;1;0;1
HSPA5_ILMN1773865;0;0;0;1;0;1
HYAL3_ILMN1667432;0;1;0;1;0;1
ID2_ILMN1793990;0;0;1;0;1;0
ID2_ILMN2086095;0;0;1;0;1;0
IDS_ILMN1758626;1;0;1;0;1;0
IDUA_ILMN1703041;0;0;1;0;1;0
IER3_ILMN1682717;0;1;0;1;1;0
IFI27L2_ILMN1740319;1;0;1;0;0;1
IFI30_ILMN1807277;0;0;1;0;1;0
IFNGR1_ILMN1675939;1;0;0;0;1;0
IFRD1_ILMN1667561;0;0;0;1;1;0
IGF2R_ILMN1807662;0;0;1;0;1;0
IGFBP4_ILMN1665865;0;0;1;0;0;1
IGLL1_ILMN2393765;0;1;0;0;0;1
IGLL3_ILMN2083066;0;1;0;0;0;1
IL13RA1_ILMN1768505;1;0;1;0;1;0
IL17RB_ILMN1767523;1;0;0;0;1;0
IL17RD_ILMN2407851;0;0;1;0;1;0
IL18R1_ILMN1781700;1;0;0;0;1;0
IL1RAP_ILMN1686884;1;0;1;0;1;0
IL2RA_ILMN1683774;1;0;1;0;0;1
IL8_ILMN1666733;0;0;0;1;1;0
ILF3_ILMN1669584;0;0;0;1;0;1
IRF7_ILMN1798181;1;0;1;0;1;0
IRF7_ILMN2349061;1;0;1;0;1;0
ISCA1_ILMN1715931;0;0;0;1;0;1
ISG20_ILMN1659913;1;0;1;0;1;0
ITGA2B_ILMN1721888;0;1;0;1;0;1
ITGAL_ILMN1749591;1;0;1;0;1;0
ITGB3_ILMN1733324;0;0;0;1;0;1
ITM2A_ILMN2076600;0;0;0;1;0;1
JDP2_ILMN1747205;0;0;1;0;1;0
KCNK6_ILMN1701173;0;0;0;1;0;1
KEL_ILMN1738468;0;1;0;1;0;1
KIAA0101_ILMN1732150;0;1;0;1;0;1
KIAA0101_ILMN2285996;0;1;0;1;0;1
KIAA0125_ILMN1707491;1;0;0;1;1;0
KIF11_ILMN1794539;0;0;0;1;0;1
KIF11_ILMN2143155;0;0;0;1;0;1
KIF15_ILMN1753063;0;0;0;1;0;1
KIF20A_ILMN1695658;0;0;0;1;0;1
KIF20B_ILMN1712452;0;1;0;1;0;1
KIF22_ILMN3234884;0;1;0;1;0;1
KIF23_ILMN1811472;0;0;0;1;0;1
KIF24_ILMN1694126;0;0;0;1;0;1
KIF2C_ILMN1685916;0;1;0;1;0;1
KIF4A_ILMN1799667;0;0;0;1;0;1
KIFC1_ILMN2222008;0;0;0;1;0;1
KLF1_ILMN1707304;0;1;0;1;0;1
KLF2_ILMN1735930;1;0;1;0;1;0
KLF6_ILMN1737406;1;0;1;0;1;0
KLHL24_ILMN1678671;0;0;1;0;1;0
KLRG1_ILMN1658399;0;0;0;1;0;1
KPNA2_ILMN1721868;0;0;0;1;0;1
LAPTM5_ILMN1772359;0;0;1;0;1;0
LAT_ILMN1691539;0;0;0;1;0;1
LAT_ILMN2404625;0;0;0;1;0;1
LAX1_ILMN1769782;1;0;1;0;1;0
LCN2_ILMN1692223;0;1;0;1;0;1
LEF1_ILMN1679185;0;1;1;0;1;0
LEF1_ILMN2213136;0;1;1;0;1;0
LGMN_ILMN1698019;0;0;1;0;0;1
LGMN_ILMN2332964;0;0;1;0;0;1
LIG1_ILMN1706779;0;1;0;1;0;1
LILRA2_ILMN1716983;0;0;1;0;1;0
LIMA1_ILMN1704369;0;0;0;1;0;1
LOC100129034_ILMN3256478;1;0;0;0;1;0
LOC100130298_ILMN3270853;1;0;1;0;0;1
LOC100130561_ILMN3265797;0;1;0;1;0;1
LOC100132564_ILMN3243644;0;0;1;0;1;0
LOC100133012_ILMN3240003;0;0;0;1;0;1
LOC100133489_ILMN3237584;0;0;0;1;0;1
LOC100133583_ILMN3214389;0;0;1;0;1;0
LOC100133678_ILMN3249667;0;0;1;0;1;0
LOC100134304_ILMN3239785;0;0;0;1;0;1
LOC149134_ILMN1741506;1;0;1;0;1;0
LOC196752_ILMN1803743;0;0;1;0;1;0
LOC283755_ILMN1773095;0;1;0;0;0;1
LOC285016_ILMN2089752;0;0;1;0;0;1
LOC286016_ILMN1684114;0;0;0;1;0;1
LOC286367_ILMN3236656;0;0;1;0;1;0
LOC341965_ILMN3284063;0;0;0;1;0;1
LOC346887_ILMN1714741;1;0;1;0;0;1
LOC387763_ILMN1677402;0;1;0;1;0;1
LOC388588_ILMN1749834;0;1;0;1;0;1
LOC388796_ILMN3235326;0;0;0;1;1;0
LOC399942_ILMN1765701;0;0;0;1;0;1
LOC441046_ILMN1693523;0;1;0;1;0;1
LOC606724_ILMN2125747;1;0;1;0;1;0
LOC642956_ILMN3210741;0;1;0;1;0;1
LOC643332_ILMN3202002;0;0;0;1;0;1
LOC647000_ILMN1703692;0;0;0;1;0;1
LOC647000_ILMN1704750;0;0;0;1;0;1
LOC648921_ILMN3274790;0;0;1;0;1;0
LOC651309_ILMN1742431;1;0;1;0;1;0
LOC653506_ILMN1780861;0;0;1;0;1;0
LOC728037_ILMN1814589;0;0;0;1;0;1
LOC728554_ILMN1691949;0;1;0;0;0;1
LOC728643_ILMN2125675;0;0;0;1;0;1
LOC728715_ILMN1749875;0;1;0;0;0;1
LOC729423_ILMN3304887;0;1;0;1;0;1
LOC729816_ILMN3232696;0;0;0;1;0;1
LOC729964_ILMN3220769;0;0;0;1;0;1
LOC730415_ILMN3228688;0;0;1;0;1;0
LOC730994_ILMN1680774;1;0;1;0;1;0
LOC731314_ILMN1785756;0;0;0;1;0;1
LOC791120_ILMN3240226;0;0;1;0;1;0
LOC92755_ILMN3304898;0;0;0;1;0;1
LPP_ILMN1651254;1;0;1;0;1;0
LPXN_ILMN1742789;0;0;1;0;1;0
LRCH4_ILMN1654518;1;0;1;0;1;0
LRRC20_ILMN1690523;0;0;0;1;0;1
LRRFIP1_ILMN2214997;0;0;1;0;1;0
LTB_ILMN2376205;1;0;1;0;1;0
LXN_ILMN1723962;0;0;0;1;0;1
LY6G6D_ILMN1696295;0;0;0;1;0;1
LY86_ILMN1807825;1;0;1;0;1;0
LY96_ILMN1724533;1;0;1;0;1;0
MAD2L1_ILMN1777564;0;0;0;1;0;1
MAFF_ILMN1680139;0;0;0;1;1;0
MAGED1_ILMN1775522;0;0;0;1;0;1
MAGED1_ILMN2306189;0;0;0;1;0;1
MAL_ILMN2327860;0;0;1;0;1;0
MARCKS_ILMN1807042;1;0;0;0;0;1
MASTL_ILMN1682336;0;1;0;1;0;1
MATN2_ILMN1694840;0;0;0;1;0;1
MAX_ILMN1706546;0;0;1;0;1;0
MBOAT7_ILMN1722218;1;0;1;0;1;0
MCM10_ILMN2413898;0;0;0;1;0;1
MCM10_ILMN2413899;0;0;0;1;0;1
MCM2_ILMN1681503;0;1;0;1;0;1
MCM4_ILMN1737205;0;1;0;1;0;1
MEIS3P1_ILMN2205896;0;0;0;1;0;1
MELK_ILMN1731184;0;0;0;1;0;1
METRNL_ILMN1688775;0;0;1;0;1;0
MFGE8_ILMN1756071;0;0;0;1;0;1
MGC13057_ILMN1787526;0;1;0;1;0;1
MGC29506_ILMN2193233;0;0;1;0;0;1
MGC39900_ILMN1731640;0;1;0;1;0;1
MGC39900_ILMN1737283;0;0;0;1;0;1
MGC39900_ILMN1740512;0;0;0;1;0;1
MGC40489_ILMN1678300;0;0;0;1;0;1
MIPEP_ILMN1669070;0;1;0;1;0;1
MIR155HG_ILMN3248910;1;0;1;0;1;0
MMP28_ILMN2399016;1;0;1;0;1;0
MMRN1_ILMN1660114;1;0;0;0;0;1
MN1_ILMN1732197;1;0;1;0;1;0
MN1_ILMN2111237;1;0;1;0;1;0
MND1_ILMN1671906;0;1;0;1;0;1
MND1_ILMN2148796;0;1;0;1;0;1
MNS1_ILMN1711462;0;0;0;1;0;1
MNS1_ILMN2157240;0;1;0;1;0;1
MOBKL2A_ILMN1721344;0;0;1;0;1;0
MOSC1_ILMN1799106;0;1;0;1;0;1
MPL_ILMN1776640;0;0;0;1;0;1
MPO_ILMN1705183;0;1;0;1;0;1
MPP7_ILMN1721774;0;0;0;1;0;1
MPZL2_ILMN1752932;1;0;0;0;1;0
MS4A3_ILMN1751625;0;0;0;1;0;1
MTHFD2_ILMN2405521;0;0;0;1;1;0
MTP18_ILMN2355665;0;1;0;0;0;1
MTSS1_ILMN1676980;0;1;0;1;0;1
MTSS1_ILMN2073289;0;1;0;0;0;1
MUC1_ILMN1756992;0;1;0;1;0;1
MUC1_ILMN2371911;0;1;0;1;0;1
MVP_ILMN1803277;1;0;1;0;1;0
MXD1_ILMN2214678;0;0;0;1;1;0
MYCT1_ILMN1750225;0;0;0;1;1;0
MYH10_ILMN1815154;0;1;0;1;0;1
MYL4_ILMN1684255;0;1;0;1;0;1
MYLK_ILMN1691476;0;0;1;0;0;1
MYO1B_ILMN2093027;1;0;1;0;0;1
NAT8B_ILMN1691264;0;0;0;1;0;1
NCAPD2_ILMN1775008;0;0;0;1;0;1
NCAPG2_ILMN2066756;0;0;0;1;0;1
NCF2_ILMN1796642;1;0;1;0;1;0
NCKIPSD_ILMN1736623;0;0;0;1;0;1
NDRG1_ILMN1809931;1;0;0;0;0;1
NEIL3_ILMN1757697;0;0;0;1;0;1
NETO2_ILMN1760849;1;0;0;0;0;1
NEXN_ILMN1783276;0;0;1;0;0;1
NFE2L3_ILMN2049766;0;0;0;1;1;0
NGFRAP1_ILMN1729208;0;0;0;1;0;1
NGFRAP1_ILMN2370091;0;0;0;1;0;1
NINJ2_ILMN1731745;1;0;0;1;0;1
NIPSNAP1_ILMN1805916;0;0;0;1;0;1
NMNAT3_ILMN1665123;0;1;0;1;0;1
NMNAT3_ILMN2153485;0;1;0;1;0;1
NOTCH1_ILMN1729161;1;0;1;0;1;0
NOV_ILMN1787186;0;0;1;0;0;1
NPW_ILMN3246678;0;0;0;1;0;1
NR1H3_ILMN1814022;1;0;0;0;1;0
NR4A2_ILMN1782305;0;1;0;0;1;0
NR4A2_ILMN2339955;0;1;0;0;1;0
NRGN_ILMN1705686;0;0;0;1;0;1
NRIP3_ILMN1759563;0;0;0;1;0;1
NSBP1_ILMN1749799;0;1;0;1;0;1
NT5DC2_ILMN1708743;0;1;0;0;0;1
NT5E_ILMN1697220;0;0;1;0;1;0
NUP37_ILMN1771903;0;0;0;1;0;1
NUSAP1_ILMN1726720;0;0;0;1;0;1
NUSAP1_ILMN2409298;0;0;0;1;0;1
OAT_ILMN1654441;0;0;0;1;0;1
OBFC2A_ILMN1785852;1;0;1;0;1;0
OIP5_ILMN1759277;0;0;0;1;0;1
OIP5_ILMN2196984;0;0;0;1;0;1
OLFML2A_ILMN1761425;1;0;1;0;0;1
ORC1L_ILMN1727459;0;1;0;1;0;1
ORC6L_ILMN1731070;0;1;0;1;0;1
OSBP2_ILMN1781966;0;0;0;1;0;1
OSCAR_ILMN1741917;1;0;0;0;1;0
OSCAR_ILMN2367418;1;0;0;0;1;0
OSM_ILMN1780546;0;0;0;1;1;0
P2RY5_ILMN1786429;1;0;1;0;1;0
PAG1_ILMN2055156;0;0;1;0;1;0
PAM_ILMN2313901;1;0;0;0;0;1
PANX2_ILMN1694810;1;0;1;0;1;0
PBK_ILMN1673673;0;1;0;1;0;1
PDE5A_ILMN1810836;0;0;0;1;0;1
PDGFRB_ILMN1815057;0;0;1;0;0;1
PDIA5_ILMN1695763;0;0;0;1;0;1
PDK3_ILMN1776582;0;0;0;1;0;1
PDZD8_ILMN1696962;0;1;0;1;0;1
PEX11A_ILMN1690695;0;0;0;1;0;1
PFAS_ILMN1755862;0;0;0;1;0;1
PGK1_ILMN2216852;1;0;0;0;0;1
PGM1_ILMN1800659;0;0;0;1;0;1
PHGDH_ILMN1704537;0;0;0;1;1;0
PIK3CB_ILMN1763347;0;0;0;1;0;1
PIK3IP1_ILMN1719986;1;0;1;0;1;0
PIP5K2B_ILMN1812105;0;0;1;0;1;0
PIR_ILMN1761247;0;1;0;1;0;1
PIR_ILMN2383383;0;1;0;1;0;1
PKIA_ILMN1762262;0;1;0;1;0;1
PKIA_ILMN2337974;0;1;0;1;0;1
PKM2_ILMN1672650;0;0;1;0;0;1
PKM2_ILMN1775327;1;0;1;0;0;1
PKM2_ILMN2366634;1;0;1;0;0;1
PLA2G4C_ILMN1810191;1;0;1;0;1;0
PLEKHF1_ILMN1708041;0;0;0;1;1;0
PLEKHO1_ILMN1694213;1;0;1;0;1;0
PLIN2_ILMN1801077;0;1;0;1;1;0
PLIN2_ILMN2138765;0;1;0;1;1;0
PLK4_ILMN1789123;0;1;0;1;0;1
PLOD1_ILMN1684391;0;0;0;1;0;1
PLOD2_ILMN1771599;0;1;0;1;0;1
PLOD2_ILMN2410924;0;0;0;1;0;1
PLS3_ILMN2041788;0;0;0;1;0;1
PLTP_ILMN1773389;0;0;0;1;0;1
PMAIP1_ILMN1689525;0;0;1;0;1;0
PMAIP1_ILMN2098446;1;0;1;0;1;0
POLA2_ILMN1696713;0;1;0;1;0;1
POLE2_ILMN1774336;0;1;0;1;0;1
POLQ_ILMN1740291;0;1;0;1;0;1
PPBP_ILMN1767281;0;0;0;1;0;1
PPM1M_ILMN1657810;1;0;0;0;1;0
PPP1R14A_ILMN1761968;0;1;0;1;0;1
PPP1R16B_ILMN1727098;1;0;1;0;1;0
PRC1_ILMN1728934;0;1;0;1;0;1
PRDX4_ILMN2222234;0;0;0;1;0;1
PRG2_ILMN1729314;0;1;0;1;0;1
PRKCH_ILMN1780898;1;0;1;0;1;0
PROM1_ILMN1786720;1;0;0;0;1;0
PROS1_ILMN1671928;0;0;0;1;0;1
PRPS1_ILMN1667050;0;1;0;1;0;1
PRTFDC1_ILMN1708516;0;0;0;1;0;1
PRTN3_ILMN1668460;0;1;0;1;0;1
PSCD4_ILMN1660364;1;0;1;0;1;0
PSCDBP_ILMN1746864;1;0;1;0;1;0
PTGS2_ILMN2054297;0;0;0;1;1;0
PTPRE_ILMN1734543;0;0;1;0;1;0
PTPRE_ILMN2383611;0;0;1;0;1;0
PTTG1_ILMN2042771;0;0;0;1;0;1
PTTG3P_ILMN2049021;0;0;0;1;0;1
PYCR1_ILMN1796013;0;0;0;1;1;0
RAB11FIP5_ILMN1740604;0;0;1;0;0;1
RAB23_ILMN2346997;0;0;0;1;0;1
RAB38_ILMN2134974;0;0;0;1;0;1
RAB4B_ILMN1803136;0;0;1;0;1;0
RAB6B_ILMN1752299;0;0;0;1;0;1
RACGAP1_ILMN2077550;0;1;0;1;0;1
RAD51AP1_ILMN1670353;0;0;0;1;0;1
RAD54L_ILMN1658027;0;1;0;1;0;1
RAP1GAP_ILMN1776519;0;1;0;1;0;1
RAPGEF1_ILMN1769412;0;0;1;0;1;0
RASAL3_ILMN1795089;0;0;1;0;1;0
RASD1_ILMN1740426;0;1;1;0;1;0
RASL10A_ILMN1747673;1;0;1;0;0;1
RBM47_ILMN3224926;0;0;1;0;1;0
RBM47_ILMN3306730;0;0;1;0;1;0
RBPMS2_ILMN1808238;0;1;0;1;0;1
RCBTB2_ILMN2148668;1;0;1;0;1;0
RCSD1_ILMN1749006;1;0;1;0;1;0
RDM1_ILMN2309534;0;0;0;1;0;1
RECQL4_ILMN1703092;0;1;0;1;0;1
RFC3_ILMN1658143;0;1;0;1;0;1
RFC3_ILMN1784860;0;1;0;1;0;1
RFC5_ILMN1659364;0;0;0;1;0;1
RGL1_ILMN1654398;0;0;1;0;1;0
RGS1_ILMN1656011;0;0;0;1;1;0
RGS2_ILMN2197365;0;0;0;1;1;0
RHAG_ILMN1811410;0;1;0;1;0;1
RHBDF1_ILMN1808404;1;0;1;0;1;0
RN5S9_ILMN3234762;0;1;0;0;1;0
RN7SK_ILMN1739423;0;1;0;0;1;0
RN7SK_ILMN2074860;0;1;0;0;1;0
RNASE1_ILMN2333670;0;1;0;1;0;1
RNASE2_ILMN1730628;0;1;0;1;0;1
RNASE3_ILMN2113126;0;1;0;1;0;1
RNF14_ILMN1714461;0;0;1;0;1;0
RNF14_ILMN2351241;0;0;1;0;1;0
RNF144_ILMN1777660;0;0;0;1;1;0
RNF144A_ILMN3238326;0;0;0;1;1;0
RNF19B_ILMN1682081;0;0;1;0;1;0
RPA3_ILMN1716895;0;0;0;1;0;1
RPL14_ILMN1726460;0;1;0;0;1;0
RPS24_ILMN2399893;0;1;0;0;0;1
RPS6KA2_ILMN1702501;1;0;0;0;1;0
RRM1_ILMN1771593;0;0;0;1;0;1
RRN3_ILMN1765401;0;0;0;1;0;1
RTN1_ILMN1756928;0;0;0;1;0;1
RTN4_ILMN1748983;1;0;0;0;0;1
RUNX2_ILMN1716651;1;0;0;0;1;0
S100A10_ILMN1796712;0;0;0;1;0;1
S100A11_ILMN1750101;0;0;0;1;1;0
S100Z_ILMN1795139;1;0;1;0;1;0
SDK2_ILMN1676709;0;0;1;0;0;1
SDPR_ILMN1715991;0;0;0;1;0;1
SDSL_ILMN1750674;0;0;0;1;1;0
SEL1L3_ILMN1797822;1;0;0;1;1;0
SELP_ILMN1715417;0;0;0;1;0;1
SEPT5_ILMN1789627;0;0;0;1;0;1
SERF2_ILMN3251501;1;0;0;0;1;0
SERPINB2_ILMN2150851;0;1;0;1;1;0
SERPINB2_ILMN2150856;0;0;0;1;1;0
SERPINE2_ILMN1655595;0;1;0;1;0;1
SERPINI1_ILMN1814333;0;0;0;1;1;0
SGK_ILMN1702487;0;1;0;0;1;0
SGK1_ILMN3229324;0;1;0;0;1;0
SGK1_ILMN3305938;0;1;0;0;1;0
SGOL1_ILMN1730825;0;0;0;1;0;1
SGOL1_ILMN2404906;0;0;0;1;0;1
SGSH_ILMN2133675;0;0;1;0;1;0
SH2D3C_ILMN1775734;1;0;1;0;1;0
SH3TC1_ILMN1756595;1;0;1;0;1;0
SHANK3_ILMN2317580;1;0;1;0;1;0
SHANK3_ILMN2317581;1;0;1;0;1;0
SHMT2_ILMN1661264;0;0;0;1;1;0
SIGLEC10_ILMN1655549;0;1;0;1;0;1
SKP2_ILMN1791002;0;1;0;0;0;1
SLC11A1_ILMN1741165;0;1;0;1;1;0
SLC12A9_ILMN1695962;0;0;1;0;1;0
SLC16A3_ILMN2364022;1;0;0;0;0;1
SLC22A17_ILMN1653200;0;1;0;1;0;1
SLC24A3_ILMN1663519;0;1;0;1;0;1
SLC25A23_ILMN1679949;0;0;0;1;0;1
SLC25A34_ILMN1709399;0;1;0;0;1;0
SLC27A3_ILMN1719627;0;0;1;0;1;0
SLC29A1_ILMN1723971;0;1;0;1;0;1
SLC29A1_ILMN2338963;0;1;0;1;0;1
SLC2A1_ILMN1659027;0;1;0;0;1;0
SLC2A5_ILMN1671337;0;0;1;0;0;1
SLC35F2_ILMN2075189;0;0;0;1;0;1
SLC36A4_ILMN2082324;0;0;0;1;0;1
SLC38A1_ILMN1769911;1;0;1;0;1;0
SLC38A1_ILMN2266948;0;0;1;0;1;0
SLC43A2_ILMN1787127;0;0;1;0;1;0
SLC45A4_ILMN1745778;0;0;0;1;1;0
SMC2_ILMN1748923;0;0;0;1;0;1
SMO_ILMN1782098;0;0;0;1;0;1
SNHG1_ILMN3236713;0;0;0;1;1;0
SORL1_ILMN2060115;0;0;1;0;1;0
SPARC_ILMN1796734;0;0;1;0;0;1
SPC24_ILMN2181432;0;1;0;1;0;1
SPINK2_ILMN1763516;0;0;0;1;0;1
SPP1_ILMN2374449;1;0;0;0;1;0
SPRY1_ILMN2329914;0;0;1;0;1;0
SPTA1_ILMN1717935;0;1;0;1;0;1
SSTR2_ILMN2152257;0;0;1;0;1;0
ST3GAL1_ILMN1683313;0;0;1;0;1;0
STAB1_ILMN1655987;1;0;0;0;1;0
STEAP3_ILMN2383349;0;1;0;1;0;1
STIL_ILMN2413650;0;1;0;1;0;1
STMN1_ILMN1657796;0;1;0;1;0;1
STOM_ILMN1696419;0;0;0;1;0;1
STS-1_ILMN1653856;1;0;1;0;0;1
SUSD3_ILMN1785570;0;0;1;0;0;1
SVOPL_ILMN1754555;0;0;0;1;0;1
SYNM_ILMN1712075;0;0;1;0;0;1
SYTL1_ILMN1750785;1;0;1;0;1;0
TACSTD1_ILMN2160210;0;1;0;1;0;1
TAL1_ILMN1748450;0;1;0;1;0;1
TEK_ILMN1751576;0;1;0;1;0;1
TEK_ILMN2066151;0;1;0;1;0;1
TESC_ILMN1750181;0;0;0;1;0;1
TFDP2_ILMN1793671;0;0;0;1;0;1
TFPI_ILMN1662619;1;0;0;1;1;0
TFPI_ILMN1707124;1;0;0;1;1;0
TFRC_ILMN1674243;0;1;0;1;0;1
TGFBR2_ILMN2384241;1;0;0;0;1;0
THOC3_ILMN2415926;0;1;0;0;0;1
TIMELESS_ILMN1735093;0;1;0;1;0;1
TIPARP_ILMN1765578;0;1;0;1;1;0
TK1_ILMN1806037;0;1;0;0;0;1
TLE1_ILMN1751572;0;0;1;0;0;1
TM4SF1_ILMN1770338;1;0;0;0;1;0
TMEM154_ILMN1683494;1;0;1;0;1;0
TMEM154_ILMN2088124;1;0;1;0;1;0
TMEM175_ILMN1654629;0;0;1;0;1;0
TMEM51_ILMN1674985;1;0;1;0;1;0
TMEM91_ILMN2211065;1;0;0;0;1;0
TMEM97_ILMN1710962;0;1;0;1;0;1
TMOD1_ILMN1736911;0;1;0;1;0;1
TMSB15A_ILMN1681737;0;1;0;1;0;1
TNFAIP6_ILMN1785732;0;1;0;1;1;0
TNFRSF4_ILMN2112256;1;0;0;0;1;0
TNFSF14_ILMN2363392;0;0;1;0;1;0
TNFSF4_ILMN1746175;1;0;1;0;1;0
TNFSF4_ILMN2089875;1;0;1;0;1;0
TOP2A_ILMN1686097;0;0;0;1;0;1
TPI1_ILMN1707627;0;0;0;1;0;1
TPI1_ILMN2181191;0;0;0;1;0;1
TPM1_ILMN1716687;0;1;0;1;0;1
TPM1_ILMN2360710;0;1;0;1;0;1
TPX2_ILMN1796949;0;0;0;1;0;1
TRIB3_ILMN1787815;0;0;0;1;1;0
TRIM6_ILMN1656910;0;1;0;1;0;1
TRIP13_ILMN1796589;0;0;0;1;0;1
TROAP_ILMN1700337;0;0;0;1;0;1
TSC22D3_ILMN1748124;1;0;1;0;1;0
TSC22D3_ILMN2276952;1;0;1;0;1;0
TSC22D3_ILMN2376403;1;0;1;0;1;0
TSPAN13_ILMN2130525;0;0;1;0;0;1
TSPAN7_ILMN1809291;0;0;1;0;0;1
TSPAN7_ILMN2120695;1;0;1;0;0;1
TSPAN9_ILMN1729453;0;0;1;0;0;1
TST_ILMN1691572;0;1;0;1;0;1
TTC27_ILMN1757730;0;0;0;1;0;1
TTK_ILMN1788166;0;0;0;1;0;1
TUBA1C_ILMN1742167;0;0;0;1;0;1
TUBAL3_ILMN1670385;0;0;0;1;0;1
TUBB_ILMN1665583;0;0;0;1;0;1
TUBB_ILMN2101885;0;0;0;1;0;1
TUBB2C_ILMN1780769;0;0;0;1;0;1
TXNDC5_ILMN2403965;0;0;0;1;0;1
TYMS_ILMN1806040;0;1;0;1;0;1
TYROBP_ILMN1778977;1;0;0;1;1;0
UAP1_ILMN1742461;0;0;0;1;0;1
UBASH3B_ILMN3249435;0;0;1;0;0;1
UBE2C_ILMN1714730;0;0;0;1;0;1
UBE2C_ILMN2301083;0;0;0;1;0;1
UHRF1_ILMN1786065;0;0;1;0;0;1
UNG_ILMN1683120;0;1;0;1;0;1
UPP1_ILMN1798256;1;0;1;0;1;0
VEGFA_ILMN2375879;0;0;0;1;1;0
VNN1_ILMN1674574;1;0;0;0;1;0
VPS13C_ILMN2398865;0;0;1;0;1;0
VRK1_ILMN1805828;0;0;0;1;0;1
VWA5A_ILMN1764769;0;0;0;1;1;0
VWF_ILMN1752755;0;0;0;1;1;0
WARS_ILMN1727271;0;0;0;1;1;0
WBP5_ILMN1679838;0;0;0;1;0;1
WBP5_ILMN2340935;0;0;0;1;0;1
WDR12_ILMN1770692;0;0;0;1;0;1
WDR51A_ILMN1780667;0;1;0;1;0;1
WDR86_ILMN1700248;0;0;1;0;0;1
WDR90_ILMN1698185;0;1;0;1;0;1
WFDC1_ILMN1660808;0;0;0;1;0;1
WIT-1_ILMN1723910;1;0;0;0;1;0
WIT1_ILMN3237912;1;0;0;0;1;0
XK_ILMN1759117;0;1;0;1;0;1
XRCC6BP1_ILMN1767481;0;0;0;1;0;1
XYLT1_ILMN1830462;1;0;1;0;1;0
YARS_ILMN1766010;0;0;0;1;1;0
YPEL3_ILMN1791147;0;0;1;0;1;0
YPEL5_ILMN1711069;1;0;1;0;1;0
ZBTB46_ILMN1710092;1;0;0;0;1;0
ZFPM1_ILMN1651438;0;1;0;1;0;1
ZMAT3_ILMN1654262;0;0;1;0;1;0
ZMIZ1_ILMN1771627;1;0;1;0;1;0
ZNF215_ILMN1749502;0;1;0;1;0;1
ZNF521_ILMN2225548;0;0;0;1;1;0
ZWINT_ILMN2362545;0;1;0;0;0;1
ZWINT_ILMN2362549;0;1;0;1;0;1