ILMNGene_ProbeId,MBC_vs_CP_Up,MBC_vs_CP_Down,LBC_vs_CP_Up,LBC_vs_CP_Down,PTC209_Up,PTC_209_Down
A4GALT_ILMN1735045,0,0,0,1,0,1
AAK1_ILMN1688755,0,0,1,0,1,0
ABCA7_ILMN1743205,0,1,0,1,1,0
ABCB6_ILMN2193980,0,1,0,1,0,1
ABCG1_ILMN1794782,1,0,0,0,0,1
ABHD14A_ILMN1794213,0,0,0,1,0,1
ABR_ILMN1672878,1,0,1,0,1,0
ACAT1_ILMN1800008,0,1,0,0,0,1
ACOT11_ILMN1739594,0,0,0,1,0,1
ACSL1_ILMN1684585,0,0,0,1,1,0
ACSM3_ILMN1662738,0,1,0,1,0,1
ACTA2_ILMN1671703,1,0,0,0,1,0
ADCY3_ILMN1676893,0,0,1,0,0,1
ADCY6_ILMN1685156,0,0,1,0,0,1
ADCY6_ILMN2311674,0,0,1,0,0,1
ADHFE1_ILMN1702858,1,0,0,1,1,0
AGBL5_ILMN2308689,0,1,0,1,0,1
AGL_ILMN1664006,0,0,0,1,0,1
AGR2_ILMN3307841,1,0,0,0,1,0
AHNAK_ILMN1714567,1,0,1,0,1,0
AHSP_ILMN1696512,0,1,0,1,0,1
AIF1_ILMN1703538,1,0,0,0,0,1
AIF1_ILMN1792473,1,0,0,0,0,1
AIF1L_ILMN3246401,1,0,1,0,0,1
AIG1_ILMN1797974,0,0,0,1,0,1
AKAP13_ILMN1752247,1,0,1,0,1,0
AKNA_ILMN1770673,1,0,1,0,1,0
ALAS2_ILMN2367126,0,1,0,1,0,1
ALDH1A1_ILMN2096372,0,1,0,1,0,1
ALDH1B1_ILMN2150894,0,0,0,1,0,1
ALDH2_ILMN1793859,0,0,0,1,1,0
ALDOA_ILMN1741148,0,0,0,0,0,1
ALDOC_ILMN1755974,0,0,0,1,0,1
ALOX12_ILMN1713731,0,1,0,1,0,1
ALOX5_ILMN1680996,1,0,1,0,1,0
ALS2CR4_ILMN1800958,0,1,0,1,0,1
AMD1_ILMN1667994,0,0,0,1,0,1
AMY2A_ILMN1801303,1,0,0,0,1,0
ANAPC13_ILMN1793894,0,0,0,1,1,0
ANGPT1_ILMN1677723,1,0,0,1,0,1
ANGPT1_ILMN2086890,1,0,0,1,0,1
ANK1_ILMN1684694,0,1,0,1,0,1
ANKRD13D_ILMN1672356,0,0,1,0,1,0
ANKRD28_ILMN2232520,1,0,1,0,1,0
ANKRD33_ILMN1667748,1,0,0,0,1,0
ANKRD37_ILMN1756417,0,0,0,1,0,1
ANLN_ILMN1739645,0,1,0,0,0,1
ANTXR2_ILMN1812926,1,0,1,0,1,0
ANXA2P1_ILMN2041101,1,0,0,0,0,1
ANXA3_ILMN1694548,0,0,0,1,0,1
ANXA5_ILMN1741003,0,1,0,1,1,0
ANXA6_ILMN1678612,1,0,1,0,0,1
APAF1_ILMN1659463,1,0,1,0,0,1
APOBEC3B_ILMN2219466,0,1,0,1,0,1
APOC1_ILMN1789007,0,1,0,1,0,1
APP_ILMN2404065,1,0,1,0,0,1
AQP9_ILMN1715068,0,0,0,1,1,0
ARAP3_ILMN1812618,0,0,0,0,1,0
ARHGAP19_ILMN1688953,0,1,0,1,0,1
ARHGAP30_ILMN1750805,1,0,1,0,1,0
ARHGAP4_ILMN1770824,1,0,1,0,1,0
ARHGAP5_ILMN2322747,0,0,0,1,0,1
ARID5B_ILMN1721626,1,0,1,0,1,0
ARL4A_ILMN1743241,0,0,0,1,1,0
ARMC8_ILMN2385318,0,1,0,1,0,1
ARRDC2_ILMN1655612,0,0,1,0,1,0
ARSD_ILMN1684873,1,0,0,0,1,0
ARTN_ILMN1803691,0,0,1,0,0,1
ASF1B_ILMN1695414,0,1,0,0,0,1
ATAD2_ILMN2048700,0,1,0,1,0,1
ATF3_ILMN2374865,1,0,0,0,1,0
ATG16L2_ILMN1664644,1,0,0,0,1,0
ATP1B1_ILMN1658071,1,0,0,1,1,0
ATP1B1_ILMN2407824,1,0,0,1,1,0
ATP5G1_ILMN1676393,0,1,0,0,0,1
ATP6V0A1_ILMN1752579,0,0,0,1,1,0
ATP6V1B2_ILMN1787705,1,0,0,0,1,0
ATP8B4_ILMN1783956,0,0,0,1,1,0
AURKA_ILMN1680955,0,1,0,1,0,1
AURKA_ILMN2357438,0,1,0,0,0,1
AURKB_ILMN1684217,0,1,0,0,0,1
AZU1_ILMN1730867,0,1,0,1,0,1
B3GALNT1_ILMN2325347,0,1,0,1,1,0
BAALC_ILMN1687751,1,0,1,0,1,0
BAMBI_ILMN1691410,0,0,0,1,0,1
BAZ2B_ILMN1720850,1,0,1,0,1,0
BCL2_ILMN1801119,0,0,1,0,1,0
BCL2_ILMN2246956,0,0,1,0,1,0
BCL6B_ILMN1651285,0,0,1,0,0,1
BEND5_ILMN3237448,0,0,1,0,0,1
BEND6_ILMN1706969,0,0,0,1,1,0
BEX1_ILMN1702637,0,0,0,1,0,1
BEX1_ILMN2234697,0,1,0,1,0,1
BIRC3_ILMN1776181,0,0,0,0,1,0
BLM_ILMN1709484,0,1,0,1,0,1
BMF_ILMN1695354,1,0,1,0,1,0
BMI1_ILMN1700915,0,0,1,0,1,0
BMP2K_ILMN1811148,0,1,0,0,0,1
BMP2K_ILMN2299045,0,1,0,1,0,1
BMP6_ILMN1747650,1,0,0,0,1,0
BMPR2_ILMN2070896,0,0,0,1,1,0
BNIP3L_ILMN1718961,0,0,0,1,0,1
BNIP3L_ILMN2045419,0,0,0,0,0,1
BOLA3_ILMN1786658,0,0,0,0,0,1
BOLA3_ILMN2343010,0,0,0,0,0,1
BRCA1_ILMN2311089,0,0,0,1,0,1
BRI3_ILMN1781580,1,0,1,0,1,0
BRI3BP_ILMN1693410,0,0,0,0,0,1
BRI3BP_ILMN1797693,0,1,0,0,0,1
BTN3A2_ILMN1676528,0,0,1,0,0,1
BUB1_ILMN2202948,0,1,0,0,0,1
BUB1B_ILMN1797307,0,0,0,1,0,1
C10ORF104_ILMN1738955,1,0,1,0,1,0
C10ORF54_ILMN2205963,1,0,1,0,1,0
C11ORF21_ILMN3235922,0,0,0,0,1,0
C11ORF59_ILMN1815878,0,0,0,1,1,0
C11ORF82_ILMN1790100,0,1,0,1,0,1
C12ORF32_ILMN2105923,0,0,0,1,0,1
C12ORF48_ILMN1727055,0,0,0,1,0,1
C12ORF5_ILMN1791792,0,0,1,0,1,0
C12ORF57_ILMN1812191,0,0,0,0,1,0
C13ORF27_ILMN1682774,0,0,0,1,0,1
C13ORF3_ILMN1736816,0,1,0,0,0,1
C14ORF149_ILMN2053281,0,1,0,1,0,1
C15ORF39_ILMN1793729,1,0,1,0,1,0
C15ORF42_ILMN1674662,0,0,0,1,0,1
C16ORF75_ILMN1790537,0,1,0,0,0,1
C16ORF93_ILMN2179726,0,0,0,1,0,1
C17ORF53_ILMN1776490,0,1,0,1,0,1
C17ORF91_ILMN2390310,1,0,0,0,1,0
C18ORF10_ILMN1671693,0,1,0,1,0,1
C18ORF10_ILMN2207328,0,1,0,1,0,1
C19ORF64_ILMN3253728,1,0,0,0,0,1
C1GALT1C1_ILMN1751234,0,0,0,0,0,1
C1ORF112_ILMN1727540,0,1,0,1,0,1
C1ORF135_ILMN1787280,0,1,0,1,0,1
C1ORF162_ILMN1754894,0,0,0,1,1,0
C1ORF165_ILMN1675024,0,0,1,0,0,1
C1ORF59_ILMN1682428,0,0,0,1,1,0
C1ORF63_ILMN1760556,1,0,1,0,1,0
C20ORF201_ILMN1780283,0,0,0,0,0,1
C21ORF58_ILMN2310296,0,1,0,0,0,1
C2ORF32_ILMN2182148,0,1,0,1,0,1
C2ORF82_ILMN1774265,0,0,0,0,0,1
C3ORF52_ILMN2184612,0,0,0,0,0,1
C4ORF18_ILMN1672124,0,0,0,0,1,0
C4ORF32_ILMN1700257,0,0,1,0,1,0
C4ORF34_ILMN1713892,1,0,1,0,1,0
C4ORF34_ILMN2224907,0,0,1,0,1,0
C5ORF4_ILMN1728742,0,0,0,1,0,1
C5ORF41_ILMN1776788,1,0,1,0,1,0
C6ORF173_ILMN1763907,0,1,0,0,0,1
C6ORF192_ILMN1669831,0,1,0,1,0,1
C6ORF62_ILMN1653797,1,0,0,0,1,0
C6ORF85_ILMN1705116,0,1,0,1,0,1
C9ORF164_ILMN1733221,0,0,0,1,1,0
C9ORF46_ILMN1709043,0,0,0,1,1,0
C9ORF91_ILMN1803652,0,0,1,0,1,0
CA1_ILMN1652431,0,1,0,1,0,1
CA2_ILMN1662795,0,1,0,1,0,1
CA2_ILMN2199439,0,1,0,1,0,1
CACNA2D4_ILMN1696317,0,0,0,1,1,0
CALCRL_ILMN1758281,1,0,0,0,1,0
CALR_ILMN1736256,0,0,0,1,0,1
CAPG_ILMN1655821,0,0,1,0,1,0
CAPN11_ILMN1765274,1,0,1,0,0,1
CAPN3_ILMN1687971,0,0,1,0,1,0
CARHSP1_ILMN1809477,0,1,1,0,0,1
CARS_ILMN1696066,0,0,1,0,1,0
CARS_ILMN2367469,0,0,1,0,1,0
CASP1_ILMN2326509,1,0,1,0,1,0
CASP1_ILMN2326512,1,0,1,0,1,0
CASP6_ILMN1694877,0,0,0,1,0,1
CASZ1_ILMN1655191,0,0,1,0,1,0
CAT_ILMN2151739,0,1,0,1,0,1
CCDC34_ILMN1657547,0,1,0,1,0,1
CCDC34_ILMN2288784,0,1,0,1,0,1
CCDC50_ILMN2302118,0,0,1,0,0,1
CCDC91_ILMN1676523,1,0,1,0,1,0
CCL23_ILMN1686109,0,0,0,1,0,1
CCNA2_ILMN1786125,0,1,0,1,0,1
CCNB2_ILMN1801939,0,1,0,1,0,1
CCND1_ILMN1688480,0,1,0,1,0,1
CCNE1_ILMN2374425,0,1,0,1,0,1
CCPG1_ILMN1794190,1,0,0,0,1,0
CD14_ILMN1740015,0,0,0,1,1,0
CD14_ILMN2396444,0,0,0,1,1,0
CD151_ILMN2326713,0,0,0,1,0,1
CD200_ILMN1787750,1,0,1,0,1,0
CD24_ILMN2060413,0,0,1,0,0,1
CD320_ILMN2115633,0,1,0,0,0,1
CD34_ILMN1732799,1,0,1,0,0,1
CD34_ILMN2341229,1,0,1,0,0,1
CD38_ILMN2233783,0,0,0,1,0,1
CD53_ILMN1662843,1,0,1,0,1,0
CD53_ILMN2413808,1,0,1,0,1,0
CD68_ILMN1714861,1,0,0,0,1,0
CD69_ILMN1651316,1,0,1,0,0,1
CD69_ILMN2188333,1,0,0,0,0,1
CD84_ILMN1698367,0,0,0,1,0,1
CD9_ILMN1695423,1,0,1,0,0,1
CD93_ILMN1704730,1,0,0,0,0,1
CD96_ILMN1711573,1,0,1,0,1,0
CD96_ILMN2415786,1,0,1,0,1,0
CDC2_ILMN1747911,0,1,0,0,0,1
CDC20_ILMN1663390,0,1,0,0,0,1
CDC25A_ILMN1711005,0,1,0,1,0,1
CDC25C_ILMN1725260,0,0,0,1,0,1
CDC25C_ILMN2407619,0,0,0,1,0,1
CDC42EP4_ILMN1745223,0,1,0,1,0,1
CDC45L_ILMN1670238,0,1,0,0,0,1
CDC7_ILMN1741801,0,1,0,1,0,1
CDCA2_ILMN1660654,0,0,0,1,0,1
CDCA5_ILMN1683450,0,1,0,1,0,1
CDCA7_ILMN1737184,0,1,0,1,0,1
CDCA8_ILMN1709294,0,1,0,1,0,1
CDCP1_ILMN1724941,0,0,0,0,1,0
CDH26_ILMN2323007,0,0,0,1,0,1
CDKN1A_ILMN1784602,1,0,0,0,1,0
CDKN2AIP_ILMN1773066,0,1,0,1,1,0
CDKN3_ILMN1666305,0,1,0,0,0,1
CDT1_ILMN1651237,0,1,0,1,0,1
CEACAM1_ILMN1716815,1,0,0,0,1,0
CEACAM6_ILMN1712522,0,0,1,0,0,1
CELSR3_ILMN1691290,0,0,0,1,0,1
CENPE_ILMN2225718,0,0,0,1,0,1
CENPF_ILMN1664516,0,1,0,1,0,1
CENPH_ILMN1693221,0,1,0,1,0,1
CENPM_ILMN1668814,0,1,0,1,0,1
CENPM_ILMN2368718,0,1,0,0,0,1
CENPN_ILMN1720526,0,1,0,1,0,1
CENPV_ILMN1729142,0,1,0,0,0,1
CENPV_ILMN3246608,0,1,0,0,0,1
CENTA1_ILMN2047511,1,0,0,0,1,0
CFC1B_ILMN1781980,0,0,0,1,0,1
CFH_ILMN1657803,0,0,0,1,0,1
CFH_ILMN1810910,0,0,0,1,0,1
CFH_ILMN2412192,0,0,0,1,0,1
CFLAR_ILMN1789830,0,0,1,0,1,0
CFP_ILMN1658121,1,0,0,0,1,0
CHAF1B_ILMN1674231,0,1,0,1,0,1
CHEK1_ILMN1664630,0,1,0,0,0,1
CHEK2_ILMN2395236,0,0,0,1,0,1
CHIC2_ILMN1679428,1,0,0,0,1,0
CHTF18_ILMN1756705,0,1,0,0,0,1
CISH_ILMN1738207,1,0,0,0,1,0
CKAP2_ILMN1674411,0,0,0,1,0,1
CKAP2L_ILMN1751776,0,1,0,1,0,1
CKS1B_ILMN1719256,0,1,0,0,0,1
CKS1B_ILMN2041046,0,1,0,0,0,1
CKS2_ILMN1756326,0,1,0,1,0,1
CKS2_ILMN2072296,0,1,0,1,0,1
CLC_ILMN1654875,0,1,0,1,0,1
CLCNKA_ILMN2364072,0,1,0,1,0,1
CLDN10_ILMN1721818,0,0,0,1,0,1
CLEC1B_ILMN1745103,0,0,0,1,0,1
CLGN_ILMN2050813,0,0,0,1,0,1
CLIC4_ILMN2063586,1,0,0,0,1,0
CLIP1_ILMN2404085,1,0,1,0,1,0
CLNS1A_ILMN1736814,0,0,0,1,0,1
CMAH_ILMN1704084,1,0,1,0,1,0
CMAH_ILMN2086612,1,0,0,0,1,0
CMAS_ILMN2125374,0,0,0,1,0,1
CMTM5_ILMN1775373,0,1,0,1,0,1
CNRIP1_ILMN3232894,0,1,0,1,0,1
COCH_ILMN1711514,0,1,0,1,0,1
COCH_ILMN2180848,0,0,0,1,0,1
COLQ_ILMN1695991,0,0,1,0,0,1
COLQ_ILMN2329114,0,0,1,0,0,1
COQ2_ILMN1756572,0,0,0,0,0,1
COQ3_ILMN1801378,0,1,0,1,0,1
CORO1A_ILMN1713749,1,0,1,0,1,0
CPA3_ILMN1766551,0,1,0,1,0,1
CPOX_ILMN3240389,0,1,0,1,0,1
CPVL_ILMN2400759,0,1,0,0,0,1
CRADD_ILMN1690282,1,0,1,0,1,0
CRELD2_ILMN1748707,0,0,1,0,0,1
CRHBP_ILMN1761312,0,0,0,1,1,0
CRIP1_ILMN1656920,1,0,1,0,0,1
CROP_ILMN1728180,1,0,1,0,1,0
CRTC3_ILMN3260715,0,0,0,1,1,0
CRYZ_ILMN1672389,1,0,0,0,0,1
CSF2RA_ILMN2376455,1,0,0,0,1,0
CSGALNACT2_ILMN1799208,1,0,0,0,1,0
CSNK1G3_ILMN1652024,0,0,0,0,1,0
CTNNAL1_ILMN1721901,0,1,0,0,0,1
CTNNAL1_ILMN2136446,0,1,0,0,0,1
CTNS_ILMN1807719,1,0,1,0,1,0
CTSG_ILMN1680424,0,1,0,1,0,1
CTSO_ILMN1769633,1,0,0,0,1,0
CTSS_ILMN1743032,0,0,1,0,1,0
CTSZ_ILMN1666269,1,0,0,0,0,1
CTTN_ILMN1744912,0,1,0,1,0,1
CTXN1_ILMN1759766,0,0,0,1,0,1
CUGBP2_ILMN2400947,1,0,1,0,1,0
CXCR4_ILMN1801584,0,0,0,0,1,0
CXCR4_ILMN2320888,0,0,0,0,1,0
CYBRD1_ILMN2087692,1,0,0,0,0,1
CYP1B1_ILMN1693338,0,0,0,1,1,0
CYP2J2_ILMN1758731,0,0,0,1,0,1
CYP4V2_ILMN2054607,0,0,0,1,1,0
CYTH4_ILMN3238196,1,0,1,0,1,0
CYTL1_ILMN2201596,0,1,0,1,1,0
DCUN1D3_ILMN1665455,1,0,0,0,1,0
DDAH1_ILMN1668507,0,1,0,1,0,1
DDAH2_ILMN1770787,1,0,1,0,1,0
DENND5A_ILMN3245413,1,0,1,0,1,0
DEPDC1B_ILMN1814600,0,0,0,1,0,1
DGKQ_ILMN1793017,0,0,1,0,1,0
DHCR24_ILMN1725510,0,0,0,1,0,1
DHCR7_ILMN1815626,0,0,0,1,0,1
DHCR7_ILMN2165867,0,0,0,1,0,1
DHRS9_ILMN1733998,0,1,0,0,0,1
DIAPH3_ILMN2373689,0,1,0,1,0,1
DKFZP434K191_ILMN1652533,0,0,0,0,1,0
DLEU1_ILMN1681641,0,0,0,1,0,1
DLEU1_ILMN2043918,0,1,0,1,0,1
DLGAP5_ILMN3239771,0,1,0,0,0,1
DLK1_ILMN1797519,0,0,0,0,0,1
DNASE2_ILMN1796245,1,0,0,0,1,0
DNM3_ILMN1680928,0,0,0,1,0,1
DNMT3B_ILMN1794692,0,0,0,1,0,1
DNMT3B_ILMN2328972,0,0,0,1,0,1
DNMT3B_ILMN2328977,0,0,0,1,0,1
DSCC1_ILMN1776577,0,1,0,1,0,1
DSG2_ILMN3251672,0,1,0,1,0,1
DSTN_ILMN2380698,0,0,0,1,0,1
DTL_ILMN1779711,0,1,0,0,0,1
DUSP18_ILMN1734288,1,0,1,0,1,0
DUSP6_ILMN2396020,1,0,1,0,1,0
DUT_ILMN1732688,0,1,0,1,0,1
DUT_ILMN2374778,0,1,0,1,0,1
E2F2_ILMN1777233,0,1,0,0,0,1
ECGF1_ILMN2109708,0,0,0,1,1,0
ECM1_ILMN2329735,1,0,1,0,0,1
EDG4_ILMN1662741,1,0,1,0,1,0
EFEMP2_ILMN1653203,0,1,0,0,0,1
EFHC2_ILMN1791302,1,0,0,1,0,1
EFNA1_ILMN2371055,1,0,0,0,0,1
EFNB2_ILMN1703852,0,1,0,1,0,1
EGFL7_ILMN1669898,1,0,0,0,0,1
EGLN1_ILMN1749892,0,0,1,0,0,1
EGR1_ILMN1762899,0,0,0,1,1,0
ELANE_ILMN1706635,0,1,0,1,0,1
ELOVL6_ILMN1700546,0,1,0,1,0,1
ELOVL6_ILMN2111187,0,1,0,1,0,1
EMP1_ILMN1801616,1,0,1,0,1,0
EMR2_ILMN2353633,0,0,1,0,1,0
ENPP4_ILMN1781761,0,0,0,1,1,0
EPCAM_ILMN3249032,0,1,0,1,0,1
EPOR_ILMN2168347,0,1,0,1,0,1
EPSTI1_ILMN2388547,0,1,0,1,0,1
EREG_ILMN1657248,0,1,0,1,1,0
ESAM_ILMN1668092,1,0,0,0,0,1
ESPL1_ILMN1742145,0,1,0,0,0,1
EVI2A_ILMN1733579,1,0,1,0,1,0
EVI2B_ILMN1763452,1,0,1,0,1,0
EXO1_ILMN1673721,0,1,0,1,0,1
EXO1_ILMN2351916,0,1,0,1,0,1
EXOSC7_ILMN2055477,0,0,0,1,0,1
EXTL2_ILMN1797950,0,0,0,1,0,1
F13A1_ILMN1717163,1,0,0,0,0,1
F2R_ILMN1742866,0,0,0,1,0,1
FABP5_ILMN2146761,0,1,0,0,0,1
FABP5L2_ILMN3178258,0,1,0,0,0,1
FABP5L2_ILMN3266606,0,1,0,0,0,1
FADS1_ILMN1670134,0,0,0,1,0,1
FAIM3_ILMN1775542,1,0,1,0,1,0
FAM107B_ILMN1758672,0,0,1,0,1,0
FAM117A_ILMN1745533,0,1,0,1,1,0
FAM127A_ILMN1708143,0,1,0,1,0,1
FAM129B_ILMN1661755,0,1,0,1,0,1
FAM171A1_ILMN1749868,0,0,0,1,0,1
FAM176B_ILMN1769092,0,0,0,0,1,0
FAM178B_ILMN1804993,0,1,0,1,0,1
FAM46A_ILMN1740466,0,0,0,1,0,1
FAM46C_ILMN1713266,0,1,0,1,0,1
FAM50A_ILMN1725130,0,0,1,0,1,0
FAM54A_ILMN1697998,0,1,0,1,0,1
FAM65C_ILMN3242330,0,1,0,1,0,1
FAM83A_ILMN1670158,0,0,0,0,1,0
FAM83A_ILMN2239774,0,0,0,0,1,0
FAM83D_ILMN1781943,0,1,0,1,0,1
FAM84B_ILMN1670807,0,0,0,0,1,0
FANCD2_ILMN2235137,0,1,0,1,0,1
FANCI_ILMN1655642,0,1,0,0,0,1
FAR2_ILMN1694596,1,0,0,0,0,1
FAR2_ILMN2202915,1,0,0,0,0,1
FBLN1_ILMN1700541,0,0,0,1,0,1
FBLN2_ILMN1774602,0,1,0,1,0,1
FBLN2_ILMN2390919,0,1,0,1,0,1
FCER1A_ILMN1688423,0,1,0,1,1,0
FCER1G_ILMN2123743,1,0,0,0,1,0
FCGR2B_ILMN2382403,0,0,0,0,0,1
FCGRT_ILMN1705302,0,1,0,1,1,0
FEN1_ILMN1755834,0,1,0,1,0,1
FEN1_ILMN2160929,0,1,0,1,0,1
FER1L3_ILMN1810289,1,0,0,0,0,1
FGD3_ILMN1772686,1,0,1,0,1,0
FGFR3_ILMN1723123,0,0,0,1,0,1
FGR_ILMN1795158,1,0,0,0,1,0
FGR_ILMN2368318,1,0,0,0,1,0
FHL2_ILMN1668411,0,1,0,1,0,1
FHL2_ILMN2355831,0,1,0,1,0,1
FKBP11_ILMN1787345,0,1,0,1,0,1
FKBP9L_ILMN2089977,0,0,0,1,0,1
FLI1_ILMN1665738,1,0,0,0,0,1
FLJ10916_ILMN2173294,0,0,0,1,1,0
FLJ20273_ILMN1689046,0,0,1,0,1,0
FLJ21986_ILMN1677038,0,0,0,1,1,0
FLJ22184_ILMN2387471,0,0,0,1,0,1
FLJ31306_ILMN3189585,1,0,0,0,1,0
FLJ39639_ILMN1790412,1,0,0,0,1,0
FLT3_ILMN1766363,1,0,1,0,1,0
FNDC3B_ILMN3178302,0,0,0,1,1,0
FNDC3B_ILMN3253456,0,0,0,1,1,0
FOXM1_ILMN1716400,0,1,0,1,0,1
FOXM1_ILMN2344971,0,1,0,1,0,1
FST_ILMN1700081,0,1,0,1,0,1
FTHL11_ILMN1706013,0,1,0,0,1,0
FTHL12_ILMN1750278,0,1,0,0,1,0
FTHL3_ILMN2173835,0,1,0,1,1,0
FTHL7_ILMN2234016,0,0,0,1,1,0
FYN_ILMN2249920,0,0,1,0,1,0
G6PD_ILMN2347949,1,0,0,0,1,0
GAB2_ILMN1665964,0,0,1,0,1,0
GABARAPL1_ILMN2151281,1,0,0,0,1,0
GALC_ILMN1799744,0,1,0,1,1,0
GALK1_ILMN1803194,0,0,1,0,0,1
GALNT14_ILMN1722524,0,0,1,0,0,1
GAS7_ILMN1745994,1,0,1,0,1,0
GATA1_ILMN1797251,0,1,0,1,0,1
GBP2_ILMN1774077,1,0,1,0,1,0
GBP4_ILMN1771385,1,0,1,0,1,0
GBP5_ILMN2114568,1,0,1,0,1,0
GCAT_ILMN1724437,0,1,0,1,0,1
GDPD3_ILMN1774901,1,0,1,0,1,0
GGH_ILMN1681754,0,0,0,1,0,1
GIMAP4_ILMN1748473,0,0,1,0,1,0
GIMAP7_ILMN1776678,1,0,1,0,1,0
GINS2_ILMN1809590,0,1,0,0,0,1
GINS3_ILMN1754272,0,1,0,1,0,1
GIPC1_ILMN1796177,1,0,1,0,1,0
GLA_ILMN1766637,0,0,0,1,0,1
GLIPR1_ILMN1769245,1,0,0,0,1,0
GLIPR2_ILMN1652631,1,0,1,0,1,0
GMNN_ILMN1720114,0,1,0,0,0,1
GMPR_ILMN1729487,0,1,0,1,0,1
GNA15_ILMN1773963,1,0,1,0,1,0
GNB5_ILMN2412294,1,0,1,0,0,1
GNG2_ILMN1807925,0,1,1,0,0,1
GNG7_ILMN1728107,0,0,1,0,1,0
GOLGA8B_ILMN2103547,0,0,0,0,1,0
GP1BA_ILMN1753575,0,0,0,1,0,1
GP6_ILMN1732269,0,0,0,1,0,1
GP9_ILMN1743290,0,0,0,1,0,1
GPI_ILMN2173451,0,0,0,1,0,1
GPR1_ILMN2107004,0,0,1,0,1,0
GPR132_ILMN1811171,0,0,1,0,1,0
GPT2_ILMN1684158,0,0,0,1,1,0
GRAP2_ILMN1778143,1,0,0,0,0,1
GSG2_ILMN1709085,0,0,0,1,0,1
GSN_ILMN1801043,1,0,0,0,0,1
GSTM1_ILMN2391861,0,0,0,1,0,1
GSTM2_ILMN2201580,0,0,0,1,0,1
GSTM3_ILMN1736184,0,0,0,1,0,1
GUCY1A3_ILMN1808590,1,0,0,0,1,0
GUCY1A3_ILMN2131177,1,0,0,0,1,0
GVIN1_ILMN1668526,1,0,1,0,1,0
GYPB_ILMN1683093,0,1,0,1,0,1
GYPE_ILMN1695187,0,1,0,1,0,1
GYPE_ILMN1815908,0,1,0,1,0,1
GYPE_ILMN2266962,0,1,0,1,0,1
H2AFY_ILMN1746171,0,0,1,0,0,1
HADH_ILMN1719906,0,1,0,1,0,1
HAVCR2_ILMN1693826,1,0,0,0,1,0
HBA1_ILMN3240144,0,0,0,1,0,1
HBA2_ILMN1667796,0,0,0,1,0,1
HBA2_ILMN2127842,0,0,0,1,0,1
HBB_ILMN2100437,0,1,0,1,0,1
HBBP1_ILMN1653814,0,0,0,1,0,1
HBD_ILMN1815527,0,1,0,1,0,1
HBE1_ILMN1651358,0,0,0,1,0,1
HBG1_ILMN1796678,0,0,0,1,0,1
HBG2_ILMN2084825,0,0,0,1,0,1
HBQ1_ILMN1696183,0,1,0,1,0,1
HCK_ILMN1791771,1,0,0,0,1,0
HCST_ILMN1699931,1,0,1,0,1,0
HCST_ILMN2396991,1,0,1,0,1,0
HELLS_ILMN2202423,0,1,0,0,0,1
HEMGN_ILMN2413537,0,0,0,1,0,1
HES6_ILMN1694268,0,1,0,1,0,1
HGD_ILMN2198239,0,0,0,0,0,1
HIF1A_ILMN1681283,0,0,1,0,1,0
HIF1A_ILMN1763260,1,0,1,0,1,0
HIF1A_ILMN2379788,0,0,1,0,1,0
HIRIP3_ILMN1678037,0,1,0,0,0,1
HIST1H2AC_ILMN1792689,1,0,1,0,1,0
HIST1H2BD_ILMN1651496,1,0,1,0,1,0
HIST1H2BK_ILMN1796179,0,0,1,0,1,0
HIST1H4H_ILMN1751120,0,0,1,0,1,0
HIST2H2BE_ILMN1732071,1,0,0,0,1,0
HJURP_ILMN1703906,0,1,0,1,0,1
HK1_ILMN2382990,0,0,0,1,0,1
HK2_ILMN1723486,0,0,0,0,0,1
HLA-DOA_ILMN1659075,1,0,1,0,1,0
HLA-DQA1_ILMN1808405,0,0,1,0,1,0
HLA-DRB3_ILMN1717261,1,0,1,0,1,0
HLA-DRB4_ILMN1752592,0,0,1,0,1,0
HLA-DRB6_ILMN2066060,0,0,1,0,0,1
HLA-DRB6_ILMN2066066,0,0,1,0,1,0
HLX_ILMN2087646,1,0,1,0,1,0
HMGB1L1_ILMN1809439,0,1,0,0,0,1
HMGB1L1_ILMN2211800,0,1,0,0,0,1
HMGB2_ILMN1654268,0,1,0,1,0,1
HMGB2_ILMN2219712,0,1,0,0,0,1
HMGCS1_ILMN1797728,0,0,0,1,0,1
HMMR_ILMN1781942,0,1,0,1,0,1
HNRNPA2B1_ILMN3273854,1,0,0,0,1,0
HNRNPL_ILMN2389582,0,1,0,0,0,1
HNRPA1L-2_ILMN2220283,0,1,0,1,0,1
HNRPLL_ILMN1791575,0,1,0,1,0,1
HOXA9_ILMN1739582,0,0,0,1,1,0
HPCAL1_ILMN1764850,1,0,1,0,0,1
HPSE_ILMN1779547,0,0,0,0,0,1
HPSE_ILMN2092850,0,0,0,0,0,1
HRASLS_ILMN1655867,0,1,0,1,0,1
HS.10862_ILMN1843198,0,1,0,0,0,1
HS.131041_ILMN1911059,1,0,0,0,1,0
HS.25318_ILMN1837428,0,0,0,1,0,1
HS.276860_ILMN1821176,1,0,1,0,1,0
HS.374257_ILMN1860638,1,0,1,0,1,0
HS.505676_ILMN1821280,0,0,0,0,1,0
HS.579631_ILMN1881909,0,1,0,1,0,1
HS1BP3_ILMN1738237,1,0,0,0,1,0
HSD17B8_ILMN1715324,0,0,0,1,0,1
HSPA5_ILMN1773865,0,1,0,1,0,1
HYAL3_ILMN1667432,0,1,0,1,0,1
IDS_ILMN1758626,1,0,1,0,1,0
IDUA_ILMN1703041,0,0,1,0,1,0
IER3_ILMN1682717,0,1,0,0,1,0
IER5_ILMN1721833,0,1,0,0,1,0
IFI16_ILMN1710937,1,0,1,0,0,1
IFI30_ILMN1807277,0,0,1,0,1,0
IFNGR1_ILMN1675939,1,0,0,0,1,0
IFRD1_ILMN1667561,0,0,0,0,1,0
IGF2BP3_ILMN1807423,1,0,0,0,0,1
IGF2R_ILMN1807662,0,0,0,0,1,0
IGFBP4_ILMN1665865,0,0,1,0,0,1
IGLL1_ILMN2393765,0,1,0,0,0,1
IGLL3_ILMN2083066,0,1,0,0,0,1
IKZF1_ILMN1676575,0,0,1,0,0,1
IL10RA_ILMN1652825,1,0,0,0,1,0
IL13RA1_ILMN1768505,1,0,1,0,1,0
IL17RB_ILMN1767523,1,0,0,0,1,0
IL17RD_ILMN2407851,0,0,1,0,1,0
IL18R1_ILMN1781700,1,0,0,0,1,0
IL1R1_ILMN1810584,1,0,0,0,0,1
IL1RL1_ILMN2242900,1,0,0,0,1,0
IL1RL1_ILMN2313672,0,0,0,0,1,0
IL2RA_ILMN1683774,1,0,1,0,0,1
ILF3_ILMN1669584,0,0,0,1,0,1
INPP4B_ILMN2198878,1,0,0,0,0,1
IRF7_ILMN1798181,1,0,1,0,1,0
IRF7_ILMN2349061,1,0,1,0,1,0
IRF8_ILMN1666594,0,0,1,0,1,0
ISCA1_ILMN1715931,0,0,0,1,0,1
ISCA1_ILMN2219556,0,0,0,1,0,1
ISG20_ILMN1659913,1,0,1,0,1,0
ISOC1_ILMN1764861,0,0,0,1,0,1
ISYNA1_ILMN1747934,0,1,0,1,0,1
ITGA2B_ILMN1721888,0,1,0,1,0,1
ITGA6_ILMN2359287,1,0,0,0,0,1
ITGAL_ILMN1749591,1,0,1,0,1,0
ITGAX_ILMN2254635,1,0,0,0,1,0
ITGB3_ILMN1733324,0,0,0,1,0,1
ITGB5_ILMN1668374,0,0,0,1,0,1
ITGB5_ILMN2311166,0,0,0,1,0,1
ITM2A_ILMN2076600,0,0,0,1,0,1
ITPKA_ILMN1776516,0,1,0,0,0,1
JAM3_ILMN1769575,0,0,0,1,0,1
JDP2_ILMN1747205,0,0,1,0,1,0
KBTBD11_ILMN1784630,0,0,1,0,0,1
KCNH2_ILMN1739987,0,1,0,1,0,1
KDELC2_ILMN1651557,0,1,0,1,0,1
KEL_ILMN1738468,0,1,0,1,0,1
KIAA0101_ILMN1732150,0,1,0,1,0,1
KIAA0101_ILMN2285996,0,1,0,1,0,1
KIAA0125_ILMN1707491,1,0,0,0,1,0
KIAA1211_ILMN1708709,0,1,0,1,0,1
KIF11_ILMN1794539,0,1,0,1,0,1
KIF11_ILMN2143155,0,1,0,0,0,1
KIF15_ILMN1753063,0,1,0,0,0,1
KIF20A_ILMN1695658,0,0,0,1,0,1
KIF20B_ILMN1712452,0,1,0,1,0,1
KIF22_ILMN3234884,0,1,0,0,0,1
KIF23_ILMN1811472,0,0,0,1,0,1
KIF24_ILMN1694126,0,0,0,1,0,1
KIF2C_ILMN1685916,0,1,0,1,0,1
KIF4A_ILMN1799667,0,1,0,1,0,1
KIFC1_ILMN2222008,0,1,0,0,0,1
KLF13_ILMN1679929,1,0,1,0,1,0
KLF2_ILMN1735930,1,0,1,0,1,0
KLF6_ILMN1735014,1,0,1,0,1,0
KLF6_ILMN1737406,1,0,1,0,1,0
KLHL24_ILMN1678671,1,0,1,0,1,0
KNTC1_ILMN1732516,0,1,0,0,0,1
KYNU_ILMN1737514,0,1,0,1,0,1
KYNU_ILMN1746517,0,0,0,1,0,1
LAMP2_ILMN1673282,1,0,0,0,0,1
LAPTM5_ILMN1772359,0,0,1,0,1,0
LAT_ILMN1691539,0,1,0,1,0,1
LAT_ILMN2404625,0,1,0,1,0,1
LAX1_ILMN1769782,1,0,1,0,1,0
LCN2_ILMN1692223,0,1,0,1,0,1
LEF1_ILMN1679185,0,1,1,0,1,0
LEF1_ILMN2213136,0,1,1,0,1,0
LGALS1_ILMN1723978,1,0,0,0,1,0
LGMN_ILMN1698019,0,0,1,0,0,1
LIG1_ILMN1706779,0,1,0,0,0,1
LILRB2_ILMN2312340,1,0,1,0,1,0
LIMA1_ILMN1704369,0,0,0,1,0,1
LIME1_ILMN2183687,1,0,1,0,1,0
LITAF_ILMN1713934,1,0,0,0,0,1
LMNB1_ILMN2126706,0,1,0,0,0,1
LMNB2_ILMN1708101,0,1,0,0,0,1
LOC100128410_ILMN3192446,0,0,0,0,0,1
LOC100130154_ILMN3261938,0,0,1,0,0,1
LOC100130561_ILMN3265797,0,1,0,0,0,1
LOC100130775_ILMN3271244,0,0,0,0,1,0
LOC100131609_ILMN3215712,0,0,0,1,0,1
LOC100131609_ILMN3292224,0,0,0,1,0,1
LOC100131718_ILMN3231550,0,0,0,0,1,0
LOC100131940_ILMN3275696,0,1,0,1,0,1
LOC100132528_ILMN3234436,0,0,0,1,0,1
LOC100132564_ILMN3243644,0,0,1,0,1,0
LOC100132863_ILMN3205271,0,1,0,0,0,1
LOC100133012_ILMN3240003,0,1,0,1,0,1
LOC100133372_ILMN3243291,0,0,0,1,0,1
LOC100133489_ILMN3237584,0,1,0,0,0,1
LOC100133678_ILMN3249667,0,0,1,0,1,0
LOC100134134_ILMN3237946,0,0,1,0,0,1
LOC100134304_ILMN3239785,0,1,0,1,0,1
LOC283755_ILMN1773095,0,1,0,1,0,1
LOC338758_ILMN1795835,1,0,0,0,1,0
LOC340156_ILMN1673535,0,0,0,0,1,0
LOC346887_ILMN1714741,1,0,0,0,0,1
LOC388588_ILMN1749834,0,1,0,1,0,1
LOC388796_ILMN3235326,0,0,0,1,1,0
LOC389599_ILMN1714765,0,1,0,1,0,1
LOC392285_ILMN3201975,0,1,0,0,0,1
LOC402112_ILMN3213568,0,0,0,1,0,1
LOC439953_ILMN3290298,0,1,0,0,0,1
LOC440248_ILMN1680614,0,1,0,1,0,1
LOC440280_ILMN1799069,0,0,1,0,0,1
LOC440345_ILMN1669657,0,0,1,0,1,0
LOC440396_ILMN2191759,0,1,0,1,0,1
LOC442727_ILMN3291472,0,0,0,0,0,1
LOC606724_ILMN2125747,1,0,1,0,1,0
LOC642956_ILMN3210741,0,1,0,0,0,1
LOC642989_ILMN1655710,0,1,0,0,0,1
LOC643287_ILMN1677906,0,1,0,0,0,1
LOC643332_ILMN3202002,0,0,0,1,0,1
LOC643870_ILMN1782611,0,0,1,0,1,0
LOC644132_ILMN3237368,1,0,0,0,1,0
LOC645385_ILMN1720745,0,0,0,1,0,1
LOC646993_ILMN3294365,0,0,0,1,0,1
LOC648210_ILMN1715947,0,1,0,1,0,1
LOC648210_ILMN1732074,0,0,0,1,0,1
LOC648921_ILMN3274790,0,0,1,0,1,0
LOC648980_ILMN3275575,0,0,1,0,0,1
LOC650919_ILMN1681683,1,0,0,0,1,0
LOC653086_ILMN1814039,0,0,0,0,1,0
LOC653489_ILMN1711073,0,0,0,0,1,0
LOC653506_ILMN1780861,0,0,1,0,1,0
LOC653778_ILMN1707434,0,1,0,0,0,1
LOC654042_ILMN1800465,0,0,0,0,0,1
LOC654103_ILMN1802808,0,1,0,0,0,1
LOC654244_ILMN1697802,0,0,0,1,1,0
LOC727803_ILMN3212373,0,1,0,0,0,1
LOC728037_ILMN1814589,0,1,0,1,0,1
LOC728554_ILMN1691949,0,1,0,0,0,1
LOC728643_ILMN2125675,0,0,0,1,0,1
LOC728715_ILMN1749875,0,1,0,0,0,1
LOC728732_ILMN3297996,0,1,0,1,0,1
LOC728873_ILMN3298582,0,0,0,0,0,1
LOC729086_ILMN3230435,0,1,0,0,0,1
LOC729423_ILMN3304887,0,1,0,1,0,1
LOC729686_ILMN3226613,0,1,0,0,0,1
LOC729816_ILMN3232696,0,1,0,0,0,1
LOC730415_ILMN3228688,0,0,1,0,1,0
LOC731052_ILMN1839962,0,1,0,0,0,1
LOC731314_ILMN1785756,0,1,0,1,0,1
LOC92755_ILMN3304898,0,1,0,1,0,1
LPAR2_ILMN3236220,1,0,1,0,1,0
LPCAT3_ILMN1805225,0,1,0,1,0,1
LPP_ILMN1651254,1,0,1,0,1,0
LRCH4_ILMN1654518,1,0,1,0,1,0
LRCH4_ILMN2157075,0,0,1,0,1,0
LRP5_ILMN1702775,0,0,0,0,1,0
LRP5L_ILMN1718633,0,0,1,0,1,0
LRRFIP1_ILMN2214997,0,0,1,0,1,0
LSMD1_ILMN1691131,0,1,0,1,0,1
LY6G6D_ILMN1696295,0,0,0,1,0,1
LY86_ILMN1807825,1,0,1,0,1,0
LY96_ILMN1724533,1,0,0,0,1,0
LYAR_ILMN2221564,0,1,0,1,0,1
MAD2L1_ILMN1777564,0,1,0,0,0,1
MAGED1_ILMN1775522,0,0,0,1,0,1
MAGED1_ILMN2306189,0,0,0,1,0,1
MAN2A2_ILMN1815148,0,1,0,1,1,0
MAP1LC3A_ILMN1776188,0,0,0,1,1,0
MAP3K6_ILMN1694539,1,0,1,0,0,1
MARCKSL1_ILMN1714433,0,1,0,0,0,1
MASTL_ILMN1682336,0,1,0,1,0,1
MATK_ILMN2319000,0,1,0,0,0,1
MATN2_ILMN1694840,0,0,0,1,0,1
MBOAT7_ILMN1722218,1,0,1,0,1,0
MCM10_ILMN2413898,0,1,0,0,0,1
MCM2_ILMN1681503,0,1,0,1,0,1
MCM3_ILMN1806818,0,1,0,1,0,1
MCM3_ILMN2224143,0,1,0,0,0,1
MCM4_ILMN1737205,0,1,0,0,0,1
MCM4_ILMN2412860,0,1,0,0,0,1
MCM5_ILMN1815169,0,1,0,0,0,1
MCM6_ILMN1798654,0,1,0,1,0,1
MDK_ILMN2349393,0,0,0,0,1,0
MEF2C_ILMN1742544,0,0,1,0,0,1
MEG3_ILMN2061435,0,0,0,1,0,1
MEIS3P1_ILMN2205896,0,0,0,1,0,1
MELK_ILMN1731184,0,1,0,0,0,1
MELK_ILMN2212909,0,1,0,0,0,1
METRNL_ILMN1688775,0,0,1,0,1,0
MEX3B_ILMN1658989,0,0,0,1,1,0
MFSD6_ILMN1710209,1,0,0,0,1,0
MGAT3_ILMN1853824,0,1,0,1,0,1
MGC13057_ILMN1787526,0,1,0,1,0,1
MGC29506_ILMN2193233,0,0,1,0,0,1
MGC39900_ILMN1731640,0,0,0,1,0,1
MGC39900_ILMN1737283,0,0,0,1,0,1
MGC39900_ILMN1740512,0,1,0,1,0,1
MGC40489_ILMN1678300,0,0,0,1,0,1
MGMT_ILMN1795639,0,0,1,0,0,1
MGST3_ILMN1751956,1,0,0,0,0,1
MICAL1_ILMN1807972,0,0,1,0,1,0
MIF_ILMN1807074,0,1,0,0,0,1
MIPEP_ILMN1669070,0,1,0,1,0,1
MIR155HG_ILMN3248910,1,0,1,0,1,0
MIR1974_ILMN3308961,0,1,0,0,1,0
MIR223_ILMN3308936,0,0,0,1,1,0
MLEC_ILMN3243381,0,0,0,1,0,1
MMRN1_ILMN1660114,1,0,0,0,0,1
MN1_ILMN1732197,1,0,0,0,0,1
MN1_ILMN2111237,1,0,0,0,0,1
MND1_ILMN1671906,0,1,0,1,0,1
MND1_ILMN2148796,0,1,0,1,0,1
MNS1_ILMN1711462,0,0,0,1,0,1
MNS1_ILMN2157240,0,1,0,1,0,1
MOBKL2A_ILMN1721344,0,0,1,0,1,0
MORF4L2_ILMN1666156,0,0,0,1,0,1
MOSC1_ILMN1799106,0,1,0,1,0,1
MPL_ILMN1776640,0,0,0,1,0,1
MPO_ILMN1705183,0,1,0,1,0,1
MPZL2_ILMN1730007,0,0,0,0,1,0
MPZL2_ILMN1775016,1,0,0,0,1,0
MTHFD2_ILMN2405521,0,1,0,1,1,0
MTHFR_ILMN1734830,0,1,0,1,1,0
MTP18_ILMN2355665,0,1,0,0,0,1
MTSS1_ILMN2073289,0,1,0,0,0,1
MUC1_ILMN1756992,0,1,0,1,0,1
MUC1_ILMN2371911,0,1,0,0,0,1
MVP_ILMN1803277,1,0,1,0,1,0
MVP_ILMN2344373,1,0,1,0,1,0
MXD1_ILMN2214678,0,0,0,1,1,0
MXD3_ILMN1711904,0,0,1,0,0,1
MYH10_ILMN1815154,0,1,0,1,0,1
MYL4_ILMN1684255,0,1,0,1,0,1
MYLK_ILMN1691476,0,0,1,0,0,1
MYO1B_ILMN2093027,1,0,1,0,0,1
MYO1F_ILMN1681239,1,0,0,0,1,0
NAP1L1_ILMN1705876,0,0,1,0,0,1
NASP_ILMN2348975,0,1,0,1,0,1
NAT8B_ILMN1691264,0,0,0,1,0,1
NCALD_ILMN1788538,1,0,0,0,0,1
NCALD_ILMN2343097,1,0,0,0,0,1
NCAPD2_ILMN1775008,0,1,0,1,0,1
NCAPG_ILMN1751444,0,1,0,0,0,1
NCAPG2_ILMN2066756,0,0,0,1,0,1
NCF2_ILMN1796642,1,0,1,0,1,0
NCKIPSD_ILMN1736623,0,0,0,1,0,1
NCOA7_ILMN1687768,0,0,0,1,1,0
NDRG1_ILMN1809931,1,0,0,0,0,1
NEDD9_ILMN2261076,0,0,1,0,0,1
NEK2_ILMN2051373,0,1,0,0,0,1
NETO2_ILMN1760849,1,0,0,0,0,1
NEURL1B_ILMN3245983,0,0,1,0,0,1
NFATC1_ILMN1707051,1,0,0,0,0,1
NGFRAP1_ILMN1729208,0,0,0,1,0,1
NGFRAP1_ILMN2370091,0,0,0,1,0,1
NGRN_ILMN1691506,0,0,0,1,1,0
NINJ2_ILMN1731745,0,0,0,1,0,1
NIPSNAP1_ILMN1805916,0,0,0,1,0,1
NME2_ILMN1657884,0,0,0,0,0,1
NME4_ILMN1800634,0,1,0,1,0,1
NMNAT3_ILMN2153485,0,1,0,1,0,1
NMT2_ILMN1656378,0,1,0,0,0,1
NOLC1_ILMN2184640,0,1,0,0,0,1
NOTCH1_ILMN1729161,1,0,1,0,1,0
NPW_ILMN3246678,0,0,0,1,0,1
NR1H3_ILMN1814022,1,0,0,0,1,0
NR4A2_ILMN1782305,0,1,0,0,1,0
NR4A2_ILMN2339955,0,1,0,0,1,0
NRGN_ILMN1705686,0,0,0,1,0,1
NSBP1_ILMN1749799,0,1,0,1,0,1
NT5DC2_ILMN1708743,0,1,0,0,0,1
NTAN1_ILMN1815552,0,0,1,0,0,1
NUCB2_ILMN1655913,0,1,0,1,0,1
NUP37_ILMN1771903,0,0,0,1,0,1
NUSAP1_ILMN1726720,0,1,0,0,0,1
NUSAP1_ILMN2409298,0,1,0,0,0,1
OAT_ILMN1654441,0,0,0,1,0,1
OBFC2A_ILMN1785852,1,0,1,0,1,0
OGT_ILMN2364828,1,0,1,0,1,0
OIP5_ILMN1759277,0,0,0,1,0,1
OIP5_ILMN2196984,0,1,0,1,0,1
OLFML2A_ILMN1761425,1,0,1,0,0,1
OMA1_ILMN1670079,0,0,0,1,1,0
ORC1L_ILMN1727459,0,1,0,1,0,1
ORC6L_ILMN1731070,0,1,0,0,0,1
OSBP2_ILMN1781966,0,0,0,1,0,1
OSCAR_ILMN1741917,1,0,0,0,1,0
OSCAR_ILMN2367418,1,0,0,0,1,0
OSM_ILMN1780546,0,1,0,1,1,0
P2RY5_ILMN1786429,1,0,1,0,1,0
PABPC4_ILMN1757343,0,0,0,1,1,0
PADI4_ILMN1807529,1,0,0,0,0,1
PAG1_ILMN2055156,1,0,1,0,1,0
PAM_ILMN2313901,1,0,0,0,0,1
PANX2_ILMN1694810,1,0,0,0,0,1
PARP12_ILMN1718558,0,0,1,0,1,0
PCNA_ILMN1694177,0,1,0,0,0,1
PDCD4_ILMN1768004,0,0,0,1,1,0
PDCD4_ILMN2396272,0,1,0,0,1,0
PDE3B_ILMN2131381,1,0,0,0,1,0
PDE5A_ILMN1810836,0,0,0,1,0,1
PDE7B_ILMN1806533,1,0,0,0,1,0
PDGFRB_ILMN1815057,1,0,0,0,0,1
PDIA5_ILMN1695763,0,0,0,1,0,1
PDK3_ILMN1776582,0,0,0,1,0,1
PDZD8_ILMN1696962,0,1,0,1,0,1
PECAM1_ILMN1689518,1,0,1,0,0,1
PFAS_ILMN1755862,0,1,0,1,0,1
PGK1_ILMN2216852,1,0,1,0,0,1
PGM1_ILMN1800659,0,0,0,1,0,1
PHACTR2_ILMN1790533,0,0,0,1,1,0
PHF15_ILMN1795285,0,0,1,0,1,0
PHGDH_ILMN1704537,0,0,0,1,1,0
PIK3CB_ILMN1763347,0,0,0,1,0,1
PIK3IP1_ILMN1719986,1,0,0,0,1,0
PIP5K2B_ILMN1812105,0,0,1,0,1,0
PIR_ILMN1761247,0,1,0,1,0,1
PIR_ILMN2383383,0,1,0,1,0,1
PITPNC1_ILMN1670638,0,0,1,0,0,1
PITPNM1_ILMN1653220,1,0,1,0,1,0
PKIA_ILMN1762262,0,1,0,1,0,1
PKIA_ILMN2337974,0,1,0,1,0,1
PKM2_ILMN1672650,1,0,1,0,0,1
PKM2_ILMN1775327,1,0,1,0,0,1
PKM2_ILMN2366634,1,0,1,0,0,1
PLA2G4A_ILMN1803561,0,0,0,0,0,1
PLAC8_ILMN1653026,0,0,0,0,0,1
PLEKHM1_ILMN1709549,0,0,1,0,1,0
PLEKHO2_ILMN1689968,1,0,0,0,1,0
PLIN2_ILMN2138765,0,1,0,0,1,0
PLK4_ILMN1789123,0,1,0,1,0,1
PLOD2_ILMN1771599,0,1,0,1,0,1
PLOD2_ILMN2410924,0,0,0,1,0,1
PLS1_ILMN1759206,0,1,0,1,0,1
PLS3_ILMN2041788,0,0,0,1,0,1
PLTP_ILMN1773389,0,0,0,1,0,1
PLXNB2_ILMN1763447,1,0,1,0,1,0
PMAIP1_ILMN2098446,1,0,0,0,1,0
PNPLA2_ILMN1787923,0,0,0,0,1,0
PODXL2_ILMN1657347,0,0,0,1,0,1
POLA2_ILMN1696713,0,1,0,1,0,1
POLD1_ILMN1652580,0,1,0,0,0,1
POLE2_ILMN1774336,0,1,0,1,0,1
POLQ_ILMN1740291,0,1,0,1,0,1
PPA2_ILMN1687785,0,0,0,1,0,1
PPBP_ILMN1767281,0,0,0,1,0,1
PPM1M_ILMN1657810,1,0,0,0,1,0
PPP1R14A_ILMN1761968,0,1,0,0,0,1
PPP1R16B_ILMN1727098,1,0,1,0,1,0
PRAM1_ILMN1711493,1,0,0,0,1,0
PRC1_ILMN1728934,0,1,0,1,0,1
PRCP_ILMN2367215,0,0,0,1,0,1
PRDX1_ILMN2366388,0,0,1,0,0,1
PRDX1_ILMN2366391,0,0,0,0,0,1
PRDX2_ILMN1767766,0,1,0,1,0,1
PRDX2_ILMN2382829,0,1,0,1,0,1
PRDX4_ILMN2222234,0,0,0,1,0,1
PRG2_ILMN1729314,0,1,0,1,0,1
PRICKLE1_ILMN1741356,0,0,0,1,0,1
PRKAR1A_ILMN1738632,1,0,0,0,1,0
PRKCD_ILMN1801105,1,0,0,0,1,0
PRKCH_ILMN1780898,1,0,1,0,1,0
PROS1_ILMN1671928,0,0,0,1,0,1
PRPS1_ILMN1667050,0,1,0,1,0,1
PRSS21_ILMN1774256,0,0,0,1,0,1
PRTN3_ILMN1668460,0,1,0,1,0,1
PSAT1_ILMN1692938,0,0,0,1,1,0
PSCD1_ILMN1694084,1,0,1,0,1,0
PSCD4_ILMN1660364,1,0,1,0,1,0
PSCDBP_ILMN1746864,1,0,1,0,1,0
PSMG1_ILMN1779264,0,0,0,1,0,1
PSRC1_ILMN1671843,0,0,0,0,0,1
PTGER4_ILMN1795930,1,0,0,0,1,0
PTGS1_ILMN2339835,0,0,0,1,0,1
PTGS2_ILMN2054297,0,0,0,1,1,0
PTK2B_ILMN2330966,0,0,1,0,1,0
PTPN6_ILMN1738675,1,0,0,0,1,0
PTRF_ILMN1757552,0,0,0,1,0,1
PTTG1_ILMN2042771,0,1,0,1,0,1
PTTG3P_ILMN2049021,0,1,0,0,0,1
PYCR1_ILMN1796013,0,1,0,1,1,0
RAB27A_ILMN1665859,0,0,1,0,1,0
RAB27A_ILMN2329773,0,0,1,0,1,0
RAB32_ILMN2115434,1,0,0,1,1,0
RAB38_ILMN2134974,0,0,0,1,0,1
RAB4B_ILMN1803136,0,0,1,0,1,0
RAB4B_ILMN2109994,0,0,1,0,1,0
RAB6B_ILMN1752299,0,0,0,1,0,1
RACGAP1_ILMN2077550,0,1,0,1,0,1
RAD51AP1_ILMN1670353,0,1,0,0,0,1
RAD54L_ILMN1658027,0,1,0,0,0,1
RANBP6_ILMN1780842,1,0,1,0,1,0
RAP1GAP_ILMN1776519,0,1,0,1,0,1
RAPGEF1_ILMN1769412,1,0,1,0,1,0
RASAL3_ILMN1795089,0,0,1,0,1,0
RASL10A_ILMN1747673,1,0,0,0,0,1
RBBP7_ILMN1770053,0,0,0,1,0,1
RBM47_ILMN3224926,0,0,1,0,1,0
RBM47_ILMN3306730,0,0,1,0,1,0
RBPMS2_ILMN1808238,0,1,0,1,0,1
RCAN1_ILMN2367239,0,0,1,0,0,1
RCBTB2_ILMN2148668,1,0,0,0,1,0
RCSD1_ILMN1749006,1,0,1,0,1,0
RECQL4_ILMN1703092,0,1,0,0,0,1
RFC3_ILMN1658143,0,1,0,1,0,1
RFC3_ILMN1784860,0,1,0,1,0,1
RFC5_ILMN1659364,0,1,0,1,0,1
RGL1_ILMN1654398,0,0,1,0,1,0
RGL2_ILMN2124386,1,0,1,0,1,0
RGS19_ILMN1677085,1,0,1,0,1,0
RHAG_ILMN1811410,0,1,0,1,0,1
RHBDF1_ILMN1808404,1,0,0,0,1,0
RHOQ_ILMN1810559,1,0,1,0,1,0
RIN2_ILMN1769546,0,0,0,0,1,0
RLF_ILMN1801156,0,1,0,1,0,1
RLTPR_ILMN1746138,0,0,1,0,1,0
RN5S9_ILMN3234762,0,1,0,0,1,0
RN7SK_ILMN1739423,0,1,0,0,1,0
RN7SK_ILMN2074860,0,1,0,0,1,0
RNASE1_ILMN2333670,0,0,0,1,0,1
RNASE2_ILMN1730628,0,1,0,1,0,1
RNASE3_ILMN2113126,0,1,0,1,0,1
RNF14_ILMN1714461,0,0,1,0,1,0
RNF144_ILMN1777660,0,0,0,0,1,0
RNF144A_ILMN3238326,0,0,0,1,1,0
RNF144B_ILMN1752526,0,1,0,1,1,0
RPA3_ILMN1716895,0,1,0,0,0,1
RPL14_ILMN1726460,0,1,0,0,1,0
RPL39L_ILMN2108357,0,1,0,1,0,1
RPS24_ILMN2399893,0,1,0,0,0,1
RPS6KA1_ILMN1715173,0,0,1,0,1,0
RPS6KA2_ILMN1702501,1,0,0,0,1,0
RPS6KC1_ILMN1661000,0,0,0,1,1,0
RRAS_ILMN1780825,1,0,1,0,0,1
RRM1_ILMN1771593,0,1,0,0,0,1
RRN3_ILMN1765401,0,0,0,1,0,1
RTN1_ILMN1756928,0,1,0,1,0,1
RTN2_ILMN1749115,0,0,0,0,0,1
RTN4_ILMN1748983,1,0,0,0,0,1
RTN4_ILMN2352036,1,0,0,0,0,1
RUNX2_ILMN1716651,1,0,0,0,1,0
S100A11_ILMN1750101,0,0,0,0,1,0
SAT1_ILMN1753342,0,0,0,1,1,0
SCD5_ILMN2237428,1,0,1,0,0,1
SDCBP_ILMN2363591,0,0,0,1,1,0
SDK2_ILMN1676709,0,0,1,0,0,1
SDPR_ILMN1715991,0,0,0,1,0,1
SDSL_ILMN1750674,0,0,0,1,1,0
SEL1L3_ILMN1797822,1,0,0,0,1,0
SELP_ILMN1715417,0,0,0,1,0,1
SEMA4A_ILMN1702787,1,0,0,0,1,0
SEPT4_ILMN1776157,0,0,0,0,0,1
SEPT5_ILMN1789627,0,0,0,1,0,1
SERF2_ILMN3251501,1,0,0,0,1,0
SERPINB1_ILMN1679133,0,0,0,0,0,1
SERPINB2_ILMN2150851,0,1,0,1,1,0
SERPINB2_ILMN2150856,0,1,0,1,1,0
SERPINE2_ILMN1655595,0,1,0,1,0,1
SERPING1_ILMN1670305,0,0,0,1,0,1
SGK_ILMN1702487,0,1,0,0,1,0
SGK1_ILMN3229324,0,1,0,0,1,0
SGK1_ILMN3305938,0,1,0,0,1,0
SH2B3_ILMN1752046,1,0,0,0,1,0
SH2D3C_ILMN1775734,1,0,1,0,1,0
SH3BP1_ILMN1692539,1,0,0,0,1,0
SH3BP4_ILMN1785330,0,0,0,0,1,0
SH3TC1_ILMN1756595,1,0,1,0,1,0
SHANK3_ILMN2317580,1,0,1,0,1,0
SHANK3_ILMN2317581,1,0,1,0,1,0
SHMT1_ILMN1811933,0,1,0,1,0,1
SHMT2_ILMN1661264,0,0,0,1,1,0
SIGIRR_ILMN1807981,0,0,1,0,1,0
SIRPA_ILMN1758146,1,0,0,0,1,0
SKP2_ILMN1791002,0,1,0,1,0,1
SLAIN1_ILMN1746784,0,1,0,0,0,1
SLC11A1_ILMN1741165,0,1,0,1,1,0
SLC16A10_ILMN1782938,0,0,0,1,0,1
SLC16A3_ILMN2364022,1,0,0,0,0,1
SLC22A15_ILMN1730639,0,0,0,1,1,0
SLC22A17_ILMN1653200,0,1,0,1,0,1
SLC24A3_ILMN1663519,0,1,0,1,0,1
SLC25A23_ILMN1679949,0,0,0,1,0,1
SLC27A3_ILMN1719627,1,0,1,0,1,0
SLC29A1_ILMN1723971,0,1,0,1,0,1
SLC29A1_ILMN2338963,0,1,0,1,0,1
SLC29A2_ILMN1730809,0,0,0,1,0,1
SLC2A10_ILMN2120247,0,1,0,1,0,1
SLC2A5_ILMN1671337,0,0,1,0,0,1
SLC2A6_ILMN1778321,1,0,0,0,1,0
SLC36A1_ILMN2124471,0,0,0,0,1,0
SLC37A4_ILMN1678678,0,1,0,1,0,1
SLC38A1_ILMN1769911,1,0,1,0,1,0
SLC38A1_ILMN2266948,0,0,1,0,1,0
SLC39A3_ILMN2234970,0,1,0,1,1,0
SLC43A2_ILMN1787127,0,0,1,0,1,0
SLC44A2_ILMN1771987,0,0,0,0,0,1
SLC45A4_ILMN1745778,0,0,0,1,1,0
SLC7A5_ILMN1720373,0,0,0,0,1,0
SMAP2_ILMN2081682,0,0,0,0,1,0
SMC2_ILMN1748923,0,0,0,1,0,1
SMC2_ILMN2411190,0,0,0,1,0,1
SMO_ILMN1782098,0,0,0,1,0,1
SMOX_ILMN2367258,1,0,0,0,1,0
SMPDL3B_ILMN1678095,0,0,0,1,0,1
SNCA_ILMN1766165,0,0,0,0,0,1
SNHG1_ILMN3236713,0,1,0,1,1,0
SNORD3D_ILMN3242315,0,1,0,0,1,0
SOCS2_ILMN1798926,1,0,1,0,1,0
SOCS4_ILMN2413259,1,0,1,0,1,0
SORL1_ILMN2060115,1,0,1,0,1,0
SPC24_ILMN2181432,0,1,0,0,0,1
SPC25_ILMN1814281,0,1,0,1,0,1
SPI1_ILMN1696463,1,0,1,0,1,0
SPI1_ILMN2392043,1,0,1,0,1,0
SPINK2_ILMN1763516,0,0,0,1,0,1
SPTA1_ILMN1717935,0,1,0,1,0,1
SPTAN1_ILMN2095133,1,0,1,0,1,0
SQSTM1_ILMN1662618,0,0,0,0,1,0
SRXN1_ILMN1804822,0,0,0,1,1,0
SSH2_ILMN1672834,1,0,1,0,1,0
SSH3_ILMN1755234,0,0,0,0,1,0
ST3GAL1_ILMN1683313,1,0,1,0,1,0
STAB1_ILMN1655987,1,0,0,0,1,0
STAT4_ILMN1785202,0,0,0,1,1,0
STAT6_ILMN1763198,1,0,1,0,1,0
STEAP3_ILMN2383349,0,1,0,1,0,1
STIL_ILMN2413650,0,1,0,1,0,1
STK40_ILMN2075927,0,0,1,0,1,0
STMN1_ILMN1657796,0,1,0,0,0,1
STS-1_ILMN1653856,0,0,1,0,0,1
STX3_ILMN1659544,1,0,1,0,1,0
STXBP6_ILMN1750912,0,0,0,1,1,0
STXBP6_ILMN2172969,0,1,0,1,1,0
SUSD1_ILMN1709750,0,0,0,1,0,1
SUSD3_ILMN1785570,0,0,1,0,0,1
SVOPL_ILMN1754555,0,0,0,1,0,1
SYTL3_ILMN1720623,0,0,0,0,1,0
TACSTD1_ILMN2160209,0,1,0,1,0,1
TACSTD1_ILMN2160210,0,1,0,1,0,1
TAGLN2_ILMN2090105,1,0,0,0,0,1
TAX1BP3_ILMN1803392,1,0,0,0,1,0
TBXA2R_ILMN1744251,0,0,1,0,0,1
TCTEX1D1_ILMN1751868,0,0,0,1,0,1
TECPR1_ILMN1767651,0,0,1,0,1,0
TEK_ILMN1751576,0,1,0,1,0,1
TEK_ILMN2066151,0,1,0,1,0,1
TFDP1_ILMN1661717,0,1,0,0,0,1
TFDP2_ILMN2116639,0,0,0,1,0,1
TFRC_ILMN1674243,0,1,0,1,0,1
TGFBR2_ILMN1726245,1,0,0,0,1,0
TGFBR2_ILMN2384241,1,0,0,0,1,0
TGIF1_ILMN2318638,0,0,0,0,1,0
TGIF1_ILMN2318643,0,0,0,0,1,0
THOC3_ILMN2415926,0,1,0,0,0,1
THOP1_ILMN1726659,0,1,0,0,0,1
TIMELESS_ILMN1735093,0,1,0,1,0,1
TIMP1_ILMN1711566,0,0,0,0,1,0
TIMP2_ILMN1721876,1,0,0,0,1,0
TIPARP_ILMN1765578,0,0,0,1,1,0
TK1_ILMN1806037,0,1,0,0,0,1
TLE4_ILMN2103761,1,0,1,0,1,0
TM4SF1_ILMN1770338,1,0,0,0,1,0
TM6SF1_ILMN1750961,0,0,0,0,1,0
TM7SF2_ILMN1690040,0,0,0,0,0,1
TMEM141_ILMN1774066,0,1,0,0,0,1
TMEM150A_ILMN2299612,1,0,1,0,1,0
TMEM154_ILMN1683494,1,0,1,0,1,0
TMEM154_ILMN2088124,1,0,1,0,1,0
TMEM170B_ILMN3236428,0,0,0,1,1,0
TMEM175_ILMN1654629,0,0,1,0,1,0
TMEM178_ILMN2104295,1,0,1,0,0,1
TMEM45A_ILMN2148913,0,0,0,0,0,1
TMEM51_ILMN1674985,1,0,0,0,1,0
TMEM97_ILMN1710962,0,1,0,1,0,1
TMEM98_ILMN1779182,0,1,0,1,0,1
TMOD1_ILMN1736911,0,1,0,1,0,1
TMSB10_ILMN1812392,0,0,1,0,0,1
TMSB15A_ILMN1681737,0,0,0,1,0,1
TMSL3_ILMN3240316,0,0,1,0,0,1
TNFAIP6_ILMN1785732,0,1,0,1,1,0
TNFRSF25_ILMN1765109,0,0,0,1,0,1
TNFRSF4_ILMN2112256,1,0,0,0,1,0
TNFSF14_ILMN2363392,0,0,0,0,1,0
TNFSF4_ILMN2089875,1,0,1,0,1,0
TNPO1_ILMN1837935,0,0,0,0,1,0
TP53INP1_ILMN1714108,0,0,1,0,1,0
TPI1_ILMN1707627,0,0,0,1,0,1
TPI1_ILMN2181191,0,0,0,1,0,1
TPM1_ILMN1716687,0,1,0,1,0,1
TPM1_ILMN2360710,0,1,0,1,0,1
TPM4_ILMN1653180,0,0,1,0,0,1
TPSAB1_ILMN1676256,0,0,0,1,0,1
TPSAB1_ILMN2169801,0,0,0,1,0,1
TPSB2_ILMN3243238,0,0,0,1,0,1
TPX2_ILMN1796949,0,1,0,1,0,1
TRIB1_ILMN1803811,1,0,0,0,0,1
TRIB3_ILMN1787815,0,0,0,0,1,0
TRIM22_ILMN1779252,1,0,1,0,1,0
TRIM26_ILMN1738704,0,0,0,0,1,0
TRIP13_ILMN1796589,0,1,0,0,0,1
TROAP_ILMN1700337,0,1,0,1,0,1
TRPC6_ILMN1656410,0,1,0,1,0,1
TSC22D2_ILMN1685574,0,0,0,1,1,0
TSC22D3_ILMN1748124,1,0,1,0,1,0
TSC22D3_ILMN2276952,1,0,0,0,1,0
TSC22D3_ILMN2376403,1,0,1,0,1,0
TSPAN13_ILMN2130525,1,0,1,0,0,1
TSPAN4_ILMN1718607,0,0,0,1,0,1
TSPAN7_ILMN1809291,1,0,1,0,0,1
TSPAN7_ILMN2120695,1,0,1,0,0,1
TSSC4_ILMN1802753,0,0,1,0,1,0
TST_ILMN1691572,0,1,0,0,0,1
TTC27_ILMN1757730,0,0,0,1,0,1
TTK_ILMN1788166,0,1,0,1,0,1
TUBA1A_ILMN1742981,0,0,0,0,0,1
TUBA1C_ILMN1742167,0,0,0,1,0,1
TUBA1C_ILMN3251341,0,0,0,1,0,1
TUBA4A_ILMN1784300,0,0,1,0,0,1
TUBAL3_ILMN1670385,0,1,0,1,0,1
TUBB_ILMN1665583,0,1,0,1,0,1
TUBB_ILMN2101885,0,0,0,1,0,1
TUBB1_ILMN1710280,0,0,0,1,0,1
TUBB2C_ILMN1780769,0,0,0,1,0,1
TUBB4Q_ILMN1750100,0,1,0,0,0,1
TWF2_ILMN1703305,1,0,0,0,1,0
TYMS_ILMN1806040,0,1,0,0,0,1
TYROBP_ILMN1778977,1,0,0,0,1,0
UBE2C_ILMN1714730,0,1,0,0,0,1
UBE2C_ILMN2301083,0,1,0,0,0,1
UBE2T_ILMN1711470,0,1,0,0,0,1
UBE2W_ILMN1717420,1,0,1,0,1,0
UHRF1_ILMN1786065,0,0,0,0,0,1
ULK1_ILMN1705144,1,0,0,0,1,0
UNG_ILMN1683120,0,1,0,1,0,1
UPP1_ILMN1798256,1,0,1,0,1,0
UQCRQ_ILMN1666471,0,1,0,0,0,1
VASH1_ILMN1796216,0,0,0,0,0,1
VCL_ILMN1795429,1,0,0,0,0,1
VEGFA_ILMN2375879,0,1,0,1,1,0
VEGFB_ILMN1722855,0,0,1,0,0,1
VIM_ILMN1782538,1,0,1,0,0,1
VIM_ILMN2058251,1,0,1,0,0,1
VRK1_ILMN1805828,0,1,0,1,0,1
VWA5A_ILMN1764769,0,0,0,1,1,0
WBP5_ILMN1679838,0,0,0,1,0,1
WBP5_ILMN2340935,0,0,0,1,0,1
WDR12_ILMN1770692,0,1,0,1,0,1
WDR51A_ILMN1780667,0,1,0,1,0,1
WDR90_ILMN1698185,0,1,0,0,0,1
WEE1_ILMN1778561,0,1,0,1,0,1
WFDC1_ILMN1660808,0,0,0,1,0,1
WSB1_ILMN1747759,1,0,0,0,0,1
XK_ILMN1759117,0,1,0,1,0,1
XRCC6BP1_ILMN1767481,0,0,0,1,0,1
XYLT1_ILMN1830462,1,0,1,0,1,0
YARS_ILMN1766010,0,0,0,1,1,0
YPEL3_ILMN1791147,1,0,1,0,1,0
YPEL5_ILMN1711069,1,0,0,0,1,0
ZBTB16_ILMN2402817,0,1,0,1,1,0
ZBTB46_ILMN1710092,1,0,0,0,1,0
ZC3H12A_ILMN1672295,0,0,0,1,1,0
ZCWPW1_ILMN1751963,0,0,0,0,1,0
ZFAND1_ILMN1730907,0,0,0,1,1,0
ZFAND5_ILMN1795228,0,0,0,0,1,0
ZFPM1_ILMN1651438,0,1,0,1,0,1
ZHX2_ILMN2184966,0,0,1,0,1,0
ZMIZ1_ILMN1771627,1,0,1,0,1,0
ZMYM3_ILMN1656316,0,0,0,1,0,1
ZMYND8_ILMN1652407,0,1,0,1,0,1
ZMYND8_ILMN2386179,0,1,0,1,0,1
ZNF167_ILMN1761409,0,0,0,1,1,0
ZNF521_ILMN2225548,0,0,0,1,1,0
ZWINT_ILMN2362545,0,1,0,0,0,1
ZWINT_ILMN2362549,0,1,0,0,0,1